삼성전자 2021 갤럭시북 NT750XDA-KC38S,i3-11세대,8,256,940000,1550,15.6,내장
삼성전자 노트북 플러스2 NT550XDA-KC33W 8GB램,i3-11세대,8,256,799000,1810,15.6,내장
HP 파빌리온 14-dv0074TU 16GB램,i3-11세대,16,256,840720,1410,14,내장
삼성전자 노트북 플러스2 NT550XDA-KH39G,i3-11세대,8,256,920180,1810,15.6,내장
레노버 씽크패드 E14 ITL 20TACTO1WWKOKR0,i3-11세대,4,256,771545,1590,14,내장
레노버 씽크북 15-ITL 20VECTO1WWKOKR0,i3-11세대,8,256,795247,1800,15.6,내장
레노버 아이디어패드 Slim3-15ITL 3W,i3-11세대,4,256,589000,1650,15.6,내장
LG전자 2021 울트라PC 15UD50P-GX3WK WIN10,i3-11세대,8,256,1064300,1800,15.6,내장
삼성전자 갤럭시북 이온2 NT950XDA-KC38W,i3-11세대,8,256,1189000,1190,15.6,내장
삼성전자 노트북 플러스2 NT550XDA-K14AW,셀러론,4,128,509000,1810,15.6,내장
한성컴퓨터 H50 DGA2W,펜티엄 골드,8,250,679000,2200,15.6,내장
삼성전자 노트북 플러스2 NT550XDA-K14AW 8GB램,셀러론,8,128,549000,1810,15.6,내장
HP 15s-fq2012TU,i3-11세대,4,256,606280,1690,15.6,내장
LG전자 2021 울트라PC 15U50P-GA3IK,i3-11세대,8,128,775510,1800,15.6,내장
LG전자 2021 울트라PC 15UD50P-GX30K WIN10,i3-11세대,8,128,662390,1800,15.6,내장
삼성전자 갤럭시북 이온2 NT930XDZ-A38AW WIN10,i3-11세대,8,256,1270000,970,13.3,내장
삼성전자 노트북 플러스2 NT550XDA-KC35G 16GB램,i3-11세대,16,256,873120,1810,15.6,내장
삼성전자 2021 갤럭시북 NT750XDA-KH34S,i3-11세대,4,128,892340,1550,15.6,내장
삼성전자 2021 갤럭시북 NT750XDA-KC38U,i3-11세대,8,256,940000,1550,15.6,내장
삼성전자 갤럭시북 이온2 NT930XDA-KF38W,i3-11세대,8,256,1249000,970,13.3,내장
삼성전자 노트북 플러스2 NT550XDA-KC33W 16GB램,i3-11세대,16,256,902980,1810,15.6,내장
DELL 보스트로 15 3500 0001KR WIN10,i3-11세대,4,1000,590850,1780,15.6,내장
HP 15s-fq2011TU WIN10 8GB램,i3-11세대,8,256,636790,1690,15.6,내장
LG전자 2021 그램14 14Z90P-GA30K,i3-11세대,8,256,1218400,999,14,내장
MSI 써밋 B15 A11M WIN10 64GB램,i7-11세대,64,512,1513390,1600,15.6,내장
삼성전자 노트북 플러스2 NT550XDA-KC38W,i3-11세대,8,256,1028990,1810,15.6,내장
한성컴퓨터 H5053 DGA2W,펜티엄 골드,8,250,849000,2200,15.6,외장
LG전자 2021 그램16 16ZD90P-GX30K WIN10,i3-11세대,8,256,1249340,1190,16,내장
삼성전자 갤럭시북 이온2 NT950XDA-X71AW,i7-11세대,16,512,1929000,1260,15.6,외장
삼성전자 2021 갤럭시북 NT750XDA-KH38,i3-11세대,8,256,1024660,1550,15.6,내장
LG전자 2021 그램14 14ZD90P-GX30K WIN10,i3-11세대,8,256,1085240,999,14,내장
LG전자 2021 울트라PC 15U50P-GR36K,i3-11세대,8,256,919990,1800,15.6,내장
삼성전자 노트북 플러스2 NT550XDA-KC33G,i3-11세대,4,256,769000,1810,15.6,내장
DELL 2in1 인스피론 14 5410 DN5410A-WH01KR,i3-11세대,4,256,828940,1500,14,내장
LG전자 2021 울트라PC 15UD50P-GX30K WIN10 32GB램,i3-11세대,32,128,1562930,1800,15.6,내장
삼성전자 갤럭시북 이온2 NT950XDZ-A38AW WIN10 24GB램,i3-11세대,24,256,2064910,1190,15.6,내장
레노버 V15 ITL-82KB002GKR WIN10,i3-11세대,4,128,594230,1700,15.6,내장
HP 15s-fq2011TU WIN10 16GB램,i3-11세대,16,500,899000,1690,15.6,내장
레노버 아이디어패드 Slim5-15ITL 82FGCTO1WWKOKR0,i3-11세대,8,1000,780555,1850,15.6,내장
레노버 씽크북 14ITL 20VDCTO1WWKOKR0,i3-11세대,8,256,801636,1500,14,내장
MSI Stealth 15M A11UEK 카본 그레이 WIN10 32GB램,i7-11세대,32,512,2211530,1700,15.6,외장
삼성전자 갤럭시북 프로 NT950XDB-K71A,i7-11세대,16,256,1939000,1050,15.6,내장
LG전자 2021 그램16 16ZD90P-GX50K WIN10,i5-11세대,8,256,1439730,1190,16,내장
레노버 요가 Slim7 Carbon13ITL5 82EV005TKR,i7-11세대,16,512,1409000,970,13,내장
LG전자 그램360 16T90P-GA76K,i7-11세대,16,512,2328380,1480,16,내장
MSI GE시리즈 GE76 레이더 11UH WIN10,i7-11세대,16,512,3399000,2900,17.3,외장
MSI GE시리즈 GE66 레이더 11UG WIN10,i7-11세대,16,512,2592640,2380,15.6,외장
MSI 모던시리즈 모던15 A11M-i7 카본 그레이 WIN10,i7-11세대,8,512,1016890,1600,15.6,내장
MSI 써밋 B15 A11M WIN10 32GB램,i7-11세대,32,512,1347130,1600,15.6,내장
MSI 써밋 B14 A11M WIN10 32GB램,i7-11세대,32,512,1287270,1300,14,내장
MSI Stealth 15M A11SDK 화이트 WIN10,i7-11세대,8,512,1735000,1690,15.6,외장
MSI Stealth 15M A11SDK 카본 그레이 WIN10 32GB램,i7-11세대,32,512,2060000,1690,15.6,외장
MSI Stealth 15M A11SDK 화이트 WIN10 16GB램,i7-11세대,16,512,1785000,1690,15.6,외장
MSI Stealth 15M A11SDK 카본 그레이 WIN10,i7-11세대,8,512,1860000,1690,15.6,외장
MSI Stealth 15M A11SDK 카본 그레이 WIN10 16GB램,i7-11세대,16,512,1930000,1690,15.6,외장
삼성전자 노트북 플러스2 NT550XDZ-AD2AW WIN10 8GB램,펜티엄 골드,8,256,727000,1810,15.6,내장
레노버 아이디어패드 Slim3-17IML 81WC008TKR,펜티엄 골드,4,128,539943,2200,17.3,내장
삼성전자 노트북 플러스 NT550XCJ-KC24,펜티엄 골드,4,256,762590,1810,15.6,내장
LG전자 2020 울트라PC 15U50N-LR26K 8GB램,펜티엄 골드,8,256,747770,1750,15.6,내장
삼성전자 노트북 플러스 NT550XCJ-K24BS,펜티엄 골드,4,128,679990,1810,15.6,내장
삼성전자 노트북 플러스2 NT550XDA-KH24G 16GB램,펜티엄 골드,16,128,764590,1810,15.6,내장
디클 클릭북 프로 K50-G10 WIN10,펜티엄 골드,4,128,659000,2300,15.6,외장
HP 15s-du1061TU WIN10 8GB램,펜티엄 골드,8,128,525320,1740,15.6,내장
HP 15s-du1061TU WIN10,펜티엄 골드,4,128,524010,1740,15.6,내장
LG전자 2020 울트라PC 15UD50N-LX20K WIN10,펜티엄 골드,4,256,624880,1750,15.6,내장
레노버 아이디어패드 Slim3-17IML PW,펜티엄 골드,4,128,559000,2450,17.3,내장
HP 14s-cf2056TU WIN10 8GB램,펜티엄 골드,8,128,523380,1430,14,내장
삼성전자 노트북 플러스2 NT550XDA-KH24G 8GB램,펜티엄 골드,8,128,700110,1810,15.6,내장
LG전자 2019 그램 14ZD990-LX10K WIN10,펜티엄 골드,4,128,946000,995,14,내장
LG전자 2020 그램15 15ZD995-LX20K WIN10 8GB램,펜티엄 골드,8,128,1138490,1099,15.6,내장
삼성전자 노트북5 NT550EBE-K24W,펜티엄 골드,4,128,619000,1950,15.6,내장
LG전자 2020 그램15 15ZD995-LX20K WIN10,펜티엄 골드,4,128,1070390,1099,15.6,내장
LG전자 2020 울트라PC 15UD50N-LX20K WIN10 8GB램,펜티엄 골드,8,256,762670,1750,15.6,내장
LG전자 2019 울트라PC 15U590-LR26K,펜티엄 골드,4,128,565990,1750,15.6,내장
삼성전자 2018 노트북 Pen NT930QAA-K28A,펜티엄 골드,8,128,1398990,995,13.3,내장
삼성전자 2019 노트북9 Always NT950XBV-A28A WIN10,펜티엄 골드,8,256,1376390,1250,15,내장
레노버 플렉스 5 14ITL 82HSCTO1WWKOKR0,펜티엄 골드,8,256,785995,1650,14,내장
삼성전자 노트북5 NT500R3M-K24,펜티엄 골드,4,128,791200,1450,13.3,내장
삼성전자 노트북7 NT730XBE-K24HS,펜티엄 골드,4,128,978990,1290,13.3,내장
삼성전자 2019 노트북 Pen NT930QBE-K28,펜티엄 골드,8,128,2696990,995,13.3,내장
삼성전자 2018 노트북9 Always NT900X3U-K24,펜티엄 골드,4,128,1255500,995,13.3,내장
삼성전자 노트북5 NT500R5M-K24A,펜티엄 골드,4,128,733060,1860,15.6,내장
레노버 아이디어패드 Slim3-14IML PWS 81WA00ACKR,펜티엄 골드,4,128,443310,1500,14,내장
삼성전자 노트북7 NT730XBV-A28A WIN10,펜티엄 골드,8,256,1915790,1290,13.3,내장
삼성전자 노트북5 NT550EAA-K24,펜티엄 골드,4,128,676990,1900,15.6,내장
삼성전자 노트북9 metal NT900X3J-K24W,펜티엄 골드,4,128,998000,860,13.3,내장
삼성전자 2017 노트북9 Always NT900X5N-KSF,펜티엄 골드,4,128,1150000,980,15,내장
삼성전자 2017 노트북9 Always NT900X3Y-AD2S WIN10,펜티엄 골드,8,128,1438190,799,13.3,내장
삼성전자 노트북9 metal NT900X3R-KD2S WIN10,펜티엄 골드,8,128,1209000,860,13.3,내장
삼성전자 노트북5 NT500R5M-K24S,펜티엄 골드,4,128,733060,1860,15.6,내장
삼성전자 노트북 플러스2 NT550XDA-KH28W,펜티엄 골드,8,256,985000,1810,15.6,내장
LG전자 2018 그램 13Z980-LR1PK,펜티엄 골드,4,256,1139550,965,13.3,내장
삼성전자 노트북5 NT500R5M-K25B,펜티엄 골드,4,500,735080,1920,15.6,내장
삼성전자 노트북5 NT550EAA-K24A,펜티엄 골드,4,128,733060,1900,15.6,내장
LG전자 2018 그램 15Z980-LR1DK,펜티엄 골드,4,128,1186800,1090,15.6,내장
삼성전자 2019 노트북9 Always NT950XBE-K28,펜티엄 골드,8,256,1514790,1250,15,내장
삼성전자 노트북5 NT500R5M-K23B,펜티엄 골드,4,500,726800,1950,15.6,내장
삼성전자 노트북5 metal NT560XAA-K24A,펜티엄 골드,4,128,744000,1900,15.6,내장
삼성전자 2018 노트북 Pen NT930QAA-K28,펜티엄 골드,8,128,2160300,995,13.3,내장
LG전자 2018 그램 14Z980-LR10K,펜티엄 골드,4,128,1049990,995,14,내장
삼성전자 노트북5 metal NT550XAA-K24A,펜티엄 골드,4,128,699990,1900,15.6,내장
삼성전자 노트북9 metal NT900X5J-K24W,펜티엄 골드,4,128,1999000,1290,15,내장
삼성전자 노트북5 NT500R5M-K27W,펜티엄 골드,8,1000,751730,1920,15.6,내장
MSI GE시리즈 GE76 레이더 11UG WIN10,i7-11세대,16,512,2749000,2900,17.3,외장
DELL 보스트로 15 3500 0003KR WIN10,i5-11세대,4,256,684470,1780,15.6,내장
Razer BLADE STEALTH 13 11Gen G1650Ti,i7-11세대,16,512,2799000,1410,13.3,외장
Razer Book 13 11Gen FHD TOUCH,i7-11세대,16,256,2099000,1340,13.4,내장
레노버 아이디어패드 Slim5-14ITL 7W M16,i7-11세대,16,256,1189000,1390,14,외장
레노버 아이디어패드 Slim5-15ITL Premiere Plus i7 WIN10,i7-11세대,16,256,1295000,1690,15.6,외장
MSI Stealth 15M A11SDK 화이트 WIN10 32GB램,i7-11세대,32,512,1880000,1690,15.6,외장
MSI Stealth 15M A11SDK 화이트 WIN10 64GB램,i7-11세대,64,512,2100000,1690,15.6,외장
MSI Stealth 15M A11SDK 카본 그레이 WIN10 64GB램,i7-11세대,64,512,2260000,1690,15.6,외장
레노버 아이디어패드 Slim5-15ITL Premiere i7 WIN10,i7-11세대,8,256,1128950,1690,15.6,외장
Razer Book 13 11Gen 4K TOUCH,i7-11세대,16,512,2599000,1340,13.4,내장
MSI 써밋 B15 A11M WIN10,i7-11세대,16,512,1213930,1600,15.6,내장
Razer BLADE STEALTH 13 11Gen G1650Ti OLED,i7-11세대,16,512,3099000,1410,13.3,외장
MSI 프레스티지 14 EVO A11M-i7 WIN10,i7-11세대,16,512,1349000,1290,14,내장
레노버 아이디어패드 Slim5-15ITL Premiere Plus i5 WIN10,i5-11세대,16,256,1049000,1690,15.6,외장
삼성전자 갤럭시북 플렉스2 NT950QDA-XD71Z,i7-11세대,16,1000,2623580,1570,15.6,외장
삼성전자 노트북 플러스 NT550XCR-AD2A WIN10 8GB램,펜티엄 골드,8,1000,780000,1810,15.6,내장
삼성전자 노트북 플러스 NT550XCR-AD2A WIN10,펜티엄 골드,4,256,696560,1810,15.6,내장
LG전자 2020 울트라PC 15U50N-LR26K,펜티엄 골드,4,256,665990,1750,15.6,내장
삼성전자 노트북 플러스2 NT550XDZ-AD2AW WIN10 16GB램,펜티엄 골드,16,1000,898020,1810,15.6,내장
삼성전자 노트북 플러스2 NT550XDZ-AD2AW WIN10,펜티엄 골드,4,256,679000,1810,15.6,내장
레노버 아이디어패드 Slim3-15IML PWS,펜티엄 골드,4,128,443352,1630,15.6,내장
삼성전자 노트북5 NT550EBE-K24BS 8GB램,펜티엄 골드,8,128,635200,1900,15.6,내장
HP 14s-cf2056TU WIN10 16GB램,펜티엄 골드,16,500,669750,1430,14,내장
삼성전자 노트북 플러스 NT550XCJ-KC24W 8GB램,펜티엄 골드,8,256,699200,1810,15.6,내장
삼성전자 노트북5 NT550EAZ-AD2A WIN10,펜티엄 골드,4,128,650070,1900,15.6,내장
삼성전자 노트북5 NT550EBE-K28WS,펜티엄 골드,8,256,778990,1900,15.6,내장
레노버 아이디어패드 Slim3-14IML PWS 81WA00A5KR,펜티엄 골드,4,128,443310,1500,14,내장
삼성전자 노트북5 NT550EAA-K28W,펜티엄 골드,8,1000,699000,1950,15.6,내장
HP 14s-cf2055TU WIN10 8GB램,펜티엄 골드,8,128,516980,1430,14,내장
삼성전자 노트북 플러스 NT550XCJ-KC24W,펜티엄 골드,4,256,800000,1810,15.6,내장
삼성전자 노트북5 metal NT560XAZ-AD2A WIN10,펜티엄 골드,4,128,886170,1900,15.6,내장
삼성전자 2019 노트북 Pen NT930QBV-A28A WIN10,펜티엄 골드,8,256,1538990,995,13.3,내장
삼성전자 노트북5 NT550EBA-K24,펜티엄 골드,4,128,749990,1900,15.6,내장
삼성전자 노트북9 metal NT900X5J-K28,펜티엄 골드,8,256,1075620,1290,15,내장
LG전자 2020 그램14 14Z995-LR20K,펜티엄 골드,4,256,1092860,995,14,내장
삼성전자 2018 노트북 Pen NT930QAA-K28WA,펜티엄 골드,8,128,1497300,1000,13.3,내장
삼성전자 노트북3 NT300E5M-K24A,펜티엄 골드,4,128,713490,1980,15.6,내장
삼성전자 노트북5 metal NT550XAA-K28T,펜티엄 골드,8,1000,827990,1950,15.6,내장
삼성전자 노트북 플러스2 NT550XDA-KH28G,펜티엄 골드,8,256,985000,1810,15.6,내장
LG전자 2019 울트라PC 15U590-LR26K 12GB램,펜티엄 골드,12,500,770800,1750,15.6,내장
삼성전자 노트북5 NT550EBA-K28B,펜티엄 골드,8,1000,699000,1950,15.6,내장
삼성전자 2019 노트북9 Always NT950XBE-K28W,펜티엄 골드,8,256,1840000,1250,15,내장
HP 14s-cf2055TU WIN10 16GB램,펜티엄 골드,16,500,873030,1430,14,내장
삼성전자 노트북5 NT550EBV-AD2A WIN10,펜티엄 골드,4,128,721140,1900,15.6,내장
삼성전자 노트북5 NT550EBE-K28B,펜티엄 골드,8,1000,699000,1950,15.6,내장
삼성전자 노트북5 NT550EBE-K24B,펜티엄 골드,4,500,699000,1950,15.6,내장
삼성전자 노트북5 NT550EBZ-AD2A WIN10,펜티엄 골드,4,128,711000,1900,15.6,내장
삼성전자 노트북 플러스2 NT550XDA-KH29G,펜티엄 골드,8,256,1019000,1810,15.6,내장
삼성전자 2017 노트북9 Always NT900X3N-KSF,펜티엄 골드,4,128,999000,799,13.3,내장
레노버 아이디어패드 Slim3-17IML PD WIN10,펜티엄 골드,4,128,553120,2450,17.3,내장
LG전자 2020 그램15 15Z995-LR20K,펜티엄 골드,4,256,939320,1099,15.6,내장
삼성전자 2021 갤럭시북 NT750XDA-KH28,펜티엄 골드,8,256,1086820,1550,15.6,내장
삼성전자 노트북 플러스 NT550XCJ-KC24 8GB램,펜티엄 골드,8,256,818390,1810,15.6,내장
삼성전자 노트북5 NT550EBE-K24,펜티엄 골드,4,128,699000,1950,15.6,내장
삼성전자 노트북5 NT550EBE-K24A,펜티엄 골드,4,500,698210,1950,15.6,내장
레노버 아이디어패드 Slim3-14IML PWS,펜티엄 골드,4,128,449000,1500,14,내장
레노버 아이디어패드 Slim3-14IML PD WIN10,펜티엄 골드,4,128,469000,1500,14,내장
레노버 아이디어패드 Slim3-15IML PD WIN10,펜티엄 골드,4,128,525260,1850,15.6,내장
삼성전자 노트북5 NT550EAA-K28C,펜티엄 골드,8,1000,673570,1950,15.6,내장
한성컴퓨터 TFX5135UW,i5-11세대,16,500,1029000,1700,15.6,내장
삼성전자 노트북5 NT550EBE-K28BS,펜티엄 골드,8,256,699000,1900,15.6,내장
삼성전자 노트북5 NT550EBA-K28W,펜티엄 골드,8,1000,699000,1950,15.6,내장
삼성전자 노트북5 metal NT550XAZ-AD2A WIN10,펜티엄 골드,4,128,638990,1900,15.6,내장
삼성전자 노트북9 metal NT900X5J-K28W,펜티엄 골드,8,256,1165390,1290,15,내장
삼성전자 노트북5 NT550EBA-K24B,펜티엄 골드,4,500,699000,1950,15.6,내장
LG전자 2020 울트라PC 15UD590-LX20K WIN10,펜티엄 골드,4,128,845920,1750,15.6,내장
삼성전자 노트북5 NT500R5M-K25S,펜티엄 골드,4,128,735080,1860,15.6,내장
LG전자 2019 그램 14Z990-L.AR2MK,펜티엄 골드,8,256,1200000,995,14,내장
삼성전자 2019 노트북 Pen S NT930SBE-KT2W,펜티엄 골드,8,256,1450000,1140,13.3,내장
삼성전자 2018 노트북9 Always NT900X5U-K28W,펜티엄 골드,8,256,1567020,1250,15,내장
삼성전자 2018 노트북9 Always NT900X5U-K24M,펜티엄 골드,4,256,1388000,1250,15,내장
LG전자 2017 울트라PC 13UD580-LX10K WIN10,펜티엄 골드,4,128,899990,1300,13.3,내장
MSI 프레스티지 14 EVO A11M-i5 WIN10,i5-11세대,16,512,1199000,1290,14,내장
레노버 요가 Slim7 Carbon13ITL5 82EV0034KR WIN10,i5-11세대,16,1000,1462000,970,13,내장
삼성전자 갤럭시북 프로360 NT930QDB-K71A,i7-11세대,16,512,2067060,1040,13.3,내장
LG전자 2021 그램14 14Z90P-GA56K,i5-11세대,8,512,1651460,999,14,내장
삼성전자 노트북 플러스2 NT550XDA i7 WIN10 16GB램,i7-11세대,16,256,1312700,1810,15.6,내장
LG전자 2021 울트라PC 15U50P-KA70K 16GB램,i7-11세대,16,256,1419000,1850,15.6,외장
LG전자 그램360 14T90P-GA76K,i7-11세대,16,512,1974620,1250,14,내장
삼성전자 노트북 플러스2 NT560XDA-XC58,i5-11세대,8,256,1400000,1850,15.6,외장
레노버 요가 Slim7 Carbon13ITL5 82EV002UKR,i5-11세대,8,256,1138807,970,13,내장
레노버 요가 7 15ITL I7 PRO W10,i7-11세대,16,512,1467216,1900,15.6,내장
LG전자 2021 울트라기어 15U70P-FA76K 16GB램,i7-11세대,16,256,1747070,1850,15.6,외장
LG전자 2021 울트라기어 15UD70P-PX70K WIN10 16GB램,i7-11세대,16,256,1793950,1850,15.6,외장
LG전자 2021 울트라기어 17UD70P-PX76K WIN10 16GB램,i7-11세대,16,256,1927540,1950,17,외장
삼성전자 갤럭시북 프로360 NT950QDB-KC71S,i7-11세대,16,512,2240650,1390,15.6,내장
레노버 아이디어패드 Slim5-15ITL Premiere i5 WIN10,i5-11세대,8,256,998950,1690,15.6,외장
ASUS 비보북 플립 14 TP470EA-EC141T,i7-11세대,16,512,1198940,1500,14,내장
레노버 요가 Slim7 Carbon13ITL5 82EV004LKR,i5-11세대,16,512,1359000,970,13,내장
Microsoft 서피스 랩탑4 13.5 5EB-00020,i7-11세대,16,512,2190000,1288,13.5,내장
ASUS 젠북 듀오 UX482EA-KA111T,i7-11세대,16,1000,1798940,1620,14,내장
Microsoft 서피스 랩탑4 15 5IM-00020,i7-11세대,16,512,2277000,1542,15,내장
ASUS 비보북 S15 S533EQ-BQ025T,i5-11세대,8,512,967950,1800,15.6,외장
DELL 인스피론 13 7300 WH04KR,i7-11세대,8,512,1418180,1014,13.3,외장
레노버 씽크북 13s-ITL 20V90032KR,i7-11세대,16,512,1249000,1260,13.3,내장
DELL 2in1 인스피론 14 5410 DN5410A-WH05KR,i7-11세대,16,512,1318940,1500,14,외장
LG전자 2021 그램17 17ZD90P-GX7LK WIN10,i7-11세대,16,256,2161060,1350,17,내장
LG전자 2021 울트라기어 17U70P-FA76K 16GB램,i7-11세대,16,256,2008490,1950,17,외장
HP 파빌리온 15-eg0116TX WIN10 16GB램,i7-11세대,16,512,1182190,1720,15.6,외장
LG전자 2021 그램16 16ZD90P-GX70K WIN10,i7-11세대,8,256,1694150,1190,16,내장
삼성전자 갤럭시북 이온2 NT950XDA-K78AW 16GB램,i7-11세대,16,256,1773800,1190,15.6,내장
LG전자 2021 울트라PC 15UD50P-KX70K WIN10 16GB램,i7-11세대,16,256,1443470,1850,15.6,외장
LG전자 그램360 16T90P-OA70K,i7-11세대,16,256,2250000,1480,16,내장
삼성전자 갤럭시북 이온2 NT950XDA-XC78W,i7-11세대,8,256,1757140,1260,15.6,외장
삼성전자 노트북 플러스2 NT560XDZ-G78A WIN10,i7-11세대,8,256,1592900,1850,15.6,외장
삼성전자 노트북 플러스2 NT560XDZ-G78A WIN10 16GB램,i7-11세대,16,256,1705890,1850,15.6,외장
ASUS 젠북 듀오 UX482EA-HY109T,i7-11세대,16,1000,1899000,1570,14,내장
레노버 아이디어패드 Slim5-14ITL 5W M16,i5-11세대,16,256,945625,1390,14,외장
삼성전자 노트북 플러스2 NT550XDZ-GD7AG WIN10,i7-11세대,8,256,1515240,1840,15.6,외장
삼성전자 갤럭시북 플렉스2 NT950QDA-XD71B,i7-11세대,16,1000,2623580,1570,15.6,외장
삼성전자 갤럭시북 프로360 NT950QDB-KC71G,i7-11세대,16,512,2288610,1390,15.6,내장
LG전자 그램360 16TD90P-GX70K WIN10,i7-11세대,16,256,2189000,1480,16,내장
HP 파빌리온 15-eg0116TX WIN10,i7-11세대,8,512,1148990,1720,15.6,외장
LG전자 2021 그램16 16Z90P-GA70K,i7-11세대,8,256,1852490,1190,16,내장
삼성전자 갤럭시북 프로360 NT950QDB-KC71N,i7-11세대,16,512,2239990,1390,15.6,내장
LG전자 2021 울트라기어 15UD70P-PX70K WIN10,i7-11세대,8,256,1739990,1850,15.6,외장
삼성전자 노트북 플러스2 NT550XDA-K78AW,i7-11세대,8,256,1299000,1810,15.6,내장
HP 파빌리온 15-eg0116TX WIN10 32GB램,i7-11세대,32,512,1306310,1720,15.6,외장
삼성전자 갤럭시북 이온2 NT950XDA-XC78W 16GB램,i7-11세대,16,256,2111640,1260,15.6,외장
DELL XPS 13 9305 WH03KR,i7-11세대,8,512,1535270,1160,13.3,내장
LG전자 2021 그램17 17Z90P-GA76K,i7-11세대,16,512,2450000,1350,17,내장
ASUS ExpertBook B9 B9400CEA-I7C650 WIN10,i7-11세대,16,512,1898990,880,14,내장
ASUS TUF Dash F15 FX516PM-HN002 WIN10 40GB램,i7-11세대,40,512,1819000,2000,15.6,외장
HP 파빌리온 x360 14-dw1054TU,i7-11세대,16,512,1178000,1610,14,내장
레노버 씽크패드 E15 ITL 20TDS01300,i7-11세대,8,256,1189000,1700,15.6,외장
HP 엔비 x360 15-ed1502TU,i7-11세대,16,512,1798990,1973,15.6,내장
LG전자 2021 그램17 17Z90P-GA7BK,i7-11세대,8,256,1947500,1350,17,내장
HP 250 G8-363U4PC WIN10 32GB램,i7-11세대,32,1000,1526280,1740,15.6,내장
LG전자 2021 그램16 16Z90P-GA7IK,i7-11세대,8,512,1819000,1190,16,내장
GIGABYTE AERO 15 OLED XD WIN10,i7-11세대,16,1000,2728950,2200,15.6,외장
주연테크 슈퍼플라이 J9ST WIN10,i7-11세대,16,512,1070910,1120,14,내장
HP 파빌리온 x360 14-dw1054TU 32GB램,i7-11세대,32,512,1315130,1610,14,내장
MSI 모던시리즈 모던15 A11M-i7 카본 그레이 WIN10 32GB램,i7-11세대,32,512,1203010,1600,15.6,내장
LG전자 2021 그램17 17Z90P-GA7IK,i7-11세대,8,512,1919800,1350,17,내장
ASUS TUF Dash F15 FX516PR-HN032 WIN10,i7-11세대,16,512,2099000,2000,15.6,외장
ASUS TUF Dash F15 FX516PM-HN080 WIN10 40GB램,i7-11세대,40,2000,2598990,2000,15.6,외장
레노버 요가 Slim7 15ITL i7 16G WIN10,i7-11세대,16,512,1331989,1850,15.6,내장
HP 250 G8-363U4PC WIN10,i7-11세대,8,256,1155410,1740,15.6,내장
HP 250 G8-363U4PC WIN10 16GB램,i7-11세대,16,256,951000,1740,15.6,내장
ASUS TUF Dash F15 FX516PR-AZ019 WIN10 40GB램,i7-11세대,40,4000,4310960,2000,15.6,외장
레노버 아이디어패드 Slim5-15ITL 82FG0090KR,i7-11세대,16,512,1167784,1660,15.6,내장
DELL 인스피론 15 5502 DN5502-UB06KR WIN10,i7-11세대,16,512,1250270,1720,15.6,외장
레노버 요가 7 Slim 7i Carbon 82EV005BKR,i7-11세대,16,512,1496194,970,13.3,내장
레노버 아이디어패드 Slim5-15ITL 82FG005FKR,i7-11세대,16,256,1138807,1660,15.6,외장
ASUS TUF Dash F15 FX516PR-AZ019 WIN10,i7-11세대,16,1000,2350960,2000,15.6,외장
레노버 아이디어패드 Slim5-14ITL 82FE0054KR,i7-11세대,16,256,1138807,1580,14,외장
레노버 아이디어패드 Slim3-17ITL 7i W,i7-11세대,8,256,1334400,2100,17.3,내장
ASUS 젠북 UX425EA-BM113T,i7-11세대,16,512,1299000,1170,14,내장
ASUS 젠북 플립 UX363EA-HP213T,i7-11세대,16,512,1543290,1300,13.3,내장
LG전자 2021 울트라PC 15UD50P-KX70K WIN10 32GB램,i7-11세대,32,1000,1709000,1850,15.6,외장
삼성전자 갤럭시북 프로 NT935XDB-K71AB,i7-11세대,16,512,1990000,880,13.3,내장
DELL 인스피론 15 5502 DN5502-UB06KR WIN10 32GB램,i7-11세대,32,500,1360670,1720,15.6,외장
ASUS 젠북 듀오 UX482EG-KA099T,i7-11세대,16,1000,2290800,1620,14,외장
레노버 V15 ITL-82KB002MKR,i7-11세대,8,256,929000,1700,15.6,내장
주연테크 스튜디오 J11STF_65T WIN10,i7-11세대,16,512,1262860,1400,14,외장
삼성전자 갤럭시북 프로 NT950XDC-XC71S,i7-11세대,16,512,2044420,1150,15.6,외장
LG전자 2021 울트라기어 15U70P-FA76K,i7-11세대,8,256,1677230,1850,15.6,외장
DELL 인스피론 15 5510 DN5510-WH02KR,i7-11세대,16,512,1378940,1630,15.6,외장
GIGABYTE G7 MD Gen11 i7 WIN10,i7-11세대,16,512,1759000,2500,17,외장
LG전자 2021 울트라기어 17UD70P-PX76K WIN10 32GB램,i7-11세대,32,256,2314160,1950,17,외장
삼성전자 갤럭시북 프로360 NT950QDB-KD71S,i7-11세대,16,1000,2789990,1390,15.6,내장
ASUS 젠북 UX435EG-A5035T,i7-11세대,16,512,1599000,1220,14,외장
삼성전자 노트북 플러스2 NT550XDA I7 WIN10,i7-11세대,8,256,1257430,1810,15.6,내장
LG전자 2021 그램17 17ZD90P-GX70K WIN10,i7-11세대,8,256,1726080,1350,17,내장
삼성전자 갤럭시북 프로360 NT950QDB-KD71N,i7-11세대,16,1000,2789990,1390,15.6,내장
LG전자 2021 그램16 16Z90P-OA7LK,i7-11세대,16,512,2250080,1190,16,내장
삼성전자 갤럭시북 이온2 NT950XDA-K78AW,i7-11세대,8,256,1729000,1190,15.6,내장
ASUS TUF Dash F15 FX516PM-HN080 WIN10,i7-11세대,8,512,1482680,2000,15.6,외장
ASUS 젠북 UX325EA-KG354T,i7-11세대,16,512,1349000,1140,13.3,내장
ASUS 비보북 플립 14 TP470EA-EC143T,i7-11세대,16,512,1198940,1500,14,내장
DELL 2in1 인스피론 14 5410 DN5410A-WH04KR,i7-11세대,8,512,1198940,1500,14,내장
삼성전자 갤럭시북 플렉스2 NT950QDA-X71AB,i7-11세대,16,512,2410850,1570,15.6,외장
LG전자 2021 그램16 16Z90P-GA7BK,i7-11세대,8,256,1861600,1190,16,내장
삼성전자 갤럭시북 플렉스2 NT930QDA-K71AB,i7-11세대,16,512,2099000,1160,13.3,내장
ASUS TUF Dash F15 FX516PM-HN002 WIN10 24GB램,i7-11세대,24,512,1582850,2000,15.6,외장
DELL XPS 13 9310 WP02KR,i7-11세대,16,512,1999000,1200,13.4,내장
주연테크 스튜디오 J11STU_65T WIN10,i7-11세대,32,512,1464930,1400,14,외장
HP 파빌리온 15-eg0080TU WIN10 64GB램,i7-11세대,64,2000,2498990,1850,15.6,내장
삼성전자 갤럭시북 이온2 NT950XDA-K78AW 32GB램,i7-11세대,32,256,2547480,1190,15.6,내장
HP 파빌리온 15-eg0501TU 32GB램,i7-11세대,32,512,1398990,1850,15.6,내장
DELL 인스피론 14 5410 DN5410-WH03KR,i7-11세대,16,512,1368940,1440,14,외장
ASUS TUF Dash F15 FX516PM-HN080 WIN10 24GB램,i7-11세대,24,512,1614130,2000,15.6,외장
HP 파빌리온 15-eg0117TX 32GB램,i7-11세대,32,512,1498660,1850,15.6,외장
GIGABYTE AERO 15 OLED YD i7 WIN10,i7-11세대,16,1000,3328950,2200,15.6,외장
ASUS 젠북 듀오 UX482EG-KA098T,i5-11세대,16,512,1699000,1620,14,외장
삼성전자 갤럭시북 플렉스2 5G NT930QCA-KC71S,i7-11세대,16,512,2490000,1260,13.3,내장
HP 스펙터 x360 13-aw2104TU,i7-11세대,16,512,1898990,1300,13.3,내장
삼성전자 갤럭시북 플렉스2 NT950QDA-XF71B,i7-11세대,16,512,2252970,1570,15.6,외장
레노버 씽크패드 E14 ITL 20TAS01600,i7-11세대,8,256,1188950,1700,14,외장
레노버 V14 ITL-82KA002PKR,i7-11세대,8,256,929000,1600,14,내장
DELL 인스피론 14 7400 WH05KR,i7-11세대,16,1000,1779000,1260,14.5,외장
ASUS TUF Gaming F15 FX506HE-HN010 WIN10,i7-11세대,8,1000,2300000,2300,15.6,외장
ASUS TUF Dash F15 FX516PR-AZ019 WIN10 24GB램,i7-11세대,24,2000,2742960,2000,15.6,외장
DELL 인스피론 15 5502 DN5502-UB02KR WIN10,i7-11세대,8,512,1065000,1720,15.6,내장
레노버 아이디어패드 Slim5-15ITL 82FG005GKR,i7-11세대,8,256,1090511,1660,15.6,외장
레노버 씽크북 13s-ITL 20V9CTO1WWKOKR0,i7-11세대,8,256,1199000,1260,13.3,내장
레노버 아이디어패드 Slim5-14ITL 82FE008RKR,i7-11세대,16,512,1119488,1580,14,내장
ASUS TUF Dash F15 FX516PM-AZ077 WIN10 24GB램,i7-11세대,24,512,1812400,2000,15.6,외장
MPGIO ZEUS EDGE,셀러론,4,64,292810,1040,12.5,내장
LG전자 2021 그램17 17ZD90P-GX76K WIN10,i7-11세대,16,256,2171880,1350,17,내장
삼성전자 갤럭시북 플렉스2 NT950QDA-XC71Z,i7-11세대,16,512,2199990,1570,15.6,외장
ASUS 비보북 X413EA-EB086 WIN10,i5-11세대,8,256,837260,1400,14,내장
LG전자 2021 그램17 17Z95N-OA76K,i7-11세대,16,512,2268950,1350,17,내장
LG전자 2021 그램16 16ZD90P-GX7LK WIN10,i7-11세대,16,256,1820560,1190,16,내장
LG전자 그램360 14T90P-OA70K,i7-11세대,16,256,2225310,1250,14,내장
삼성전자 갤럭시북 프로360 NT950QDB-KD71G,i7-11세대,16,1000,2789990,1390,15.6,내장
LG전자 2021 그램16 16ZD90P-GX56K WIN10,i5-11세대,16,256,1691860,1190,16,내장
레노버 씽크북 14s-ITL 20VA000QKR,i7-11세대,16,512,1299000,1270,14,내장
LG전자 2021 그램17 17Z90P-OA76K,i7-11세대,16,512,2400000,1350,17,내장
DELL XPS 13 9310 WP04KR,i7-11세대,16,1000,2298860,1200,13.4,내장
에이서 Swift 3X SF314-510G 비주얼 i7 WIN10,i7-11세대,16,512,1259790,1370,14,외장
삼성전자 갤럭시북 이온2 NT930XDA-K71AW,i7-11세대,16,512,1839380,970,13.3,내장
삼성전자 갤럭시북 플렉스2 NT950QDA-X72AB,i7-11세대,16,1000,2448000,1570,15.6,외장
DELL XPS 13 9310 WP08KR,i7-11세대,16,1000,2098940,1200,13.4,내장
HP 파빌리온 15-eg0080TU WIN10 32GB램,i7-11세대,32,512,1356860,1850,15.6,내장
DELL 인스피론 14 5410 DN5410-WH05KR,i7-11세대,16,512,1318940,1440,14,외장
ASUS 젠북 UX435EG-A5038T,i7-11세대,16,512,1599000,1220,14,외장
ASUS TUF Dash F15 FX516PM-HN002 WIN10 16GB램,i7-11세대,16,512,1511440,2000,15.6,외장
삼성전자 갤럭시북 이온2 NT950XDA-X71AW 32GB램,i7-11세대,32,512,2156530,1260,15.6,외장
LG전자 2021 그램17 17Z90P-GA70K,i7-11세대,8,256,1879980,1350,17,내장
LG전자 2021 그램14 14ZD90P-GX70K WIN10,i7-11세대,8,256,1600840,999,14,내장
DELL 인스피론 14 7400 WH04KR,i7-11세대,16,512,1568940,1260,14.5,외장
LG전자 2021 그램17 17ZD90P-GX7BK WIN10,i7-11세대,8,256,1722890,1350,17,내장
LG전자 2021 그램16 16ZD90P-GX76K WIN10,i7-11세대,16,256,1900000,1190,16,내장
LG전자 2021 그램14 14Z90P-GA76K,i7-11세대,8,256,1799000,999,14,내장
삼성전자 갤럭시북 플렉스2 NT930QDA-K71AZ,i7-11세대,16,512,2054350,1160,13.3,내장
HP 파빌리온 15-eg0080TU WIN10,i7-11세대,16,512,1161560,1850,15.6,내장
LG전자 2021 그램16 16Z90P-G.AR5MK,i5-11세대,8,512,1554400,1190,16,내장
LG전자 2021 울트라PC 15U50P-KA70K,i7-11세대,8,256,1388190,1850,15.6,외장
DELL XPS 13 9305 WH04KR,i7-11세대,16,512,1613620,1160,13.3,내장
LG전자 2021 울트라기어 17UD70P-PX76K WIN10,i7-11세대,8,256,1840000,1950,17,외장
DELL XPS 13 9310 WP06KR,i7-11세대,32,1000,2497130,1200,13.4,내장
HP 스펙터 x360 14-ea0071TU,i7-11세대,16,512,1995630,1360,13.5,내장
레노버 요가 7 15ITL I7 W10,i7-11세대,8,512,1449000,1900,15.6,내장
LG전자 2021 그램16 16ZD90P-GX7BK WIN10,i7-11세대,8,256,1602460,1190,16,내장
레노버 요가 7 14ITL I7 W10,i7-11세대,8,512,1418180,1400,14,내장
삼성전자 노트북 플러스2 NT550XDZ-GD7AG WIN10 16GB램,i7-11세대,16,256,2255240,1840,15.6,외장
HP 스펙터 x360 14-ea0072TU,i7-11세대,16,1000,2201150,1360,13.5,내장
HP 파빌리온 14-dv0083TX,i7-11세대,8,512,1179000,1410,14,외장
DELL 2in1 XPS 13 9310 2003KR,i7-11세대,16,512,2598830,1320,13.4,내장
DELL 인스피론 13 7300 WH06KR,i7-11세대,16,1000,1594350,1014,13.3,외장
LG전자 2021 울트라PC 15U50P-KA70K 32GB램,i7-11세대,32,256,1618530,1850,15.6,외장
LG전자 그램360 14TD90P-GX70K WIN10,i7-11세대,16,256,2282310,1250,14,내장
삼성전자 갤럭시북 프로360 NT950QDB-KC71G,i7-11세대,16,512,2288600,1390,15.6,내장
삼성전자 갤럭시북 프로 NT950XDC-XC71B,i7-11세대,16,512,2139990,1150,15.6,외장
LG전자 2021 울트라PC 15UD50P-KX70K WIN10,i7-11세대,8,256,1328380,1850,15.6,외장
삼성전자 노트북 플러스2 NT550XDZ-GD7AG WIN10 32GB램,i7-11세대,32,256,2488590,1840,15.6,외장
GIGABYTE AERO 15 OLED KD WIN10,i7-11세대,16,512,2368950,2200,15.6,외장
HP 스펙터 x360 13-aw2107TU,i7-11세대,16,512,1898990,1300,13.3,내장
HP 파빌리온 15-eg0117TX 16GB램,i7-11세대,16,512,1348660,1850,15.6,외장
삼성전자 노트북 플러스2 NT550XDZ-GD7AG WIN10,i7-11세대,8,256,1516380,1840,15.6,외장
HP 250 G8-363U4PC WIN10 64GB램,i7-11세대,64,3000,2998990,1740,15.6,내장
ASUS TUF Dash F15 FX516PR-HN032 WIN10 24GB램,i7-11세대,24,1000,2398990,2000,15.6,외장
레노버 요가 Slim7 14ITL i7 16G WIN10,i7-11세대,16,512,1330390,1400,14,내장
ASUS 젠북 플립 S UX371EA-HL701T,i7-11세대,16,1000,1801120,1200,13.3,내장
HP 엔비 14-eb0502TU,i7-11세대,16,512,1399000,1490,14,내장
레노버 요가 7 Slim 7i Carbon 82EV0013KR,i7-11세대,16,1000,1573466,970,13.3,내장
ASUS TUF Dash F15 FX516PR-HN002 WIN10 24GB램,i7-11세대,24,1000,2357290,2000,15.6,외장
레노버 아이디어패드 Slim5-14ITL 82FE0055KR,i7-11세대,8,256,1090511,1580,14,외장
레노버 아이디어패드 Slim5-14ITL 82FE000CKR,i7-11세대,8,512,1090511,1580,14,내장
LG전자 2021 울트라PC 15UD50P-GX50K WIN10,i5-11세대,8,256,818790,1800,15.6,내장
DELL XPS 13 9305 WH05KR,i7-11세대,16,512,1809270,1230,13.3,내장
ASUS 젠북 S UX393EA-HK006T,i7-11세대,16,1000,1898800,1350,13.9,내장
ASUS 젠북 UX435EAL-KC058T,i7-11세대,16,1000,1748940,980,14,내장
DELL 2in1 XPS 13 9310 2004KR,i7-11세대,32,1000,2948810,1320,13.4,내장
DELL 인스피론 13 7300 WH02KR,i7-11세대,8,512,1349660,999,13.3,내장
ASUS TUF Dash F15 FX516PR-HN002 WIN10,i7-11세대,16,512,2057850,2000,15.6,외장
LG전자 2021 그램16 16Z90P-OA76K,i7-11세대,16,512,2279440,1190,16,내장
DELL XPS 13 9310 WP05KR,i7-11세대,16,512,2167160,1200,13.4,내장
ASUS TUF Dash F15 FX516PM-HN080 WIN10 16GB램,i7-11세대,16,512,1585800,2000,15.6,외장
HP 엔비 x360 15-ed1502TU 32GB램,i7-11세대,32,512,1899000,1970,15.6,내장
LG전자 2021 그램17 17Z90P-GA5BK,i5-11세대,8,256,1740000,1350,17,내장
HP 파빌리온 15-eg0501TU,i7-11세대,16,512,1232950,1850,15.6,내장
삼성전자 갤럭시북 플렉스2 NT950QDA-X71OB,i7-11세대,16,512,2759080,1570,15.6,외장
DELL 인스피론 14 7400 WH02KR,i7-11세대,8,512,1380120,1260,14.5,내장
DELL 인스피론 15 5510 DN5510-WH05KR,i7-11세대,8,512,1188940,1630,15.6,내장
DELL 2in1 XPS 13 9310 2002KR,i7-11세대,16,512,2248790,1320,13.4,내장
HP 엔비 x360 15-ed1502TU 64GB램,i7-11세대,64,512,2149000,1970,15.6,내장
레노버 씽크패드 E15 ITL 20TDS00W00,i7-11세대,8,256,1137050,1700,15.6,외장
DELL XPS 13 9310 WP07KR,i7-11세대,16,512,1998940,1200,13.4,내장
삼성전자 갤럭시북 이온2 NT950XDA-X71AW 24GB램,i7-11세대,24,512,2927920,1260,15.6,외장
LG전자 2021 그램16 16Z90P-GA76K,i7-11세대,16,512,2097740,1190,16,내장
LG전자 2021 울트라기어 17UD70P-PX76K WIN10 24GB램,i7-11세대,24,256,2281790,1950,17,외장
삼성전자 노트북 플러스2 NT550XDA-K78AW 32GB램,i7-11세대,32,256,1799990,1810,15.6,내장
레노버 씽크북 14s Yoga 20WE001XKR,i7-11세대,8,512,1348230,1500,14,내장
HP 파빌리온 14-dv0083TX 16GB램,i7-11세대,16,512,1268670,1410,14,외장
레노버 씽크패드 E14 ITL 20TAS01000,i7-11세대,8,256,1138590,1700,14,외장
DELL XPS 13 9310 WP03KR,i7-11세대,16,1000,2098960,1200,13.4,내장
HP 파빌리온 15-eg0117TX,i7-11세대,8,512,1248980,1850,15.6,외장
레노버 씽크북 15-ITL 20VE004SKR,i7-11세대,8,256,979000,1700,15.6,내장
삼성전자 노트북 플러스2 NT560XDZ-G78A WIN10 24GB램,i7-11세대,24,256,1904000,1850,15.6,외장
LG전자 2021 울트라PC 15UD50P-KX70K WIN10 24GB램,i7-11세대,24,256,2004680,1850,15.6,외장
ASUS TUF Dash F15 FX516PR-HN002 WIN10 40GB램,i7-11세대,40,2000,3088250,2000,15.6,외장
ASUS TUF Dash F15 FX516PR-HN032 WIN10 40GB램,i7-11세대,40,2000,3093320,2000,15.6,외장
레노버 씽크북 14ITL 20VD0052KR,i7-11세대,8,256,1047300,1400,14,내장
레노버 씽크북 15-ITL 20VE004WKR,i7-11세대,8,256,1049000,1700,15.6,내장
레노버 요가 Slim7 14ITL i7 WIN10,i7-11세대,8,512,1309000,1400,14,내장
ASUS TUF Dash F15 FX516PR-AZ024 WIN10,i7-11세대,16,1000,2350960,2000,15.6,외장
ASUS TUF Dash F15 FX516PR-AZ024 WIN10 40GB램,i7-11세대,40,4000,4310960,2000,15.6,외장
레노버 아이디어패드 Slim5-14ITL 82FE008SKR,i7-11세대,16,512,1167784,1580,14,외장
ASUS TUF Dash F15 FX516PR-AZ024 WIN10 24GB램,i7-11세대,24,2000,2742960,2000,15.6,외장
레노버 아이디어패드 Slim5-15ITL 82FG001CKR,i7-11세대,8,512,1090511,1660,15.6,내장
DELL 보스트로 15 3500 0003KR WIN10 32GB램,i5-11세대,32,256,910710,1780,15.6,내장
삼성전자 갤럭시북 이온2 NT950XDA-KC58W,i5-11세대,8,256,1379990,1190,15.6,내장
ASUS E210MA-GJ109TS,셀러론,4,64,273280,1050,11.6,내장
DELL 보스트로 15 3500 0003KR WIN10 16GB램,i5-11세대,16,256,780150,1780,15.6,내장
LG전자 2021 그램17 17Z90P-GA5IK,i5-11세대,16,256,1744000,1350,17,내장
LG전자 2021 그램14 14ZD90P-GX50K WIN10,i5-11세대,8,256,1285460,999,14,내장
삼성전자 노트북 플러스2 NT550XDA-KC58G 16GB램,i5-11세대,16,256,1087010,1810,15.6,내장
LG전자 2021 그램17 17ZD90P-GX50K WIN10,i5-11세대,8,256,1517990,1350,17,내장
LG전자 2019 울트라PC 14U390-EE1TK 8GB램,셀러론,8,128,490000,1450,14,내장
LG전자 2021 울트라PC 15U50P-GR56K 16GB램,i5-11세대,16,256,965990,1800,15.6,내장
레노버 Slim1-14IGL05,셀러론,4,64,288806,1450,14,내장
삼성전자 노트북 플러스 NT550XCR-AD1A WIN10 8GB램,셀러론,8,128,580580,1810,15.6,내장
삼성전자 노트북 플러스 NT550XCR-AD1A WIN10,셀러론,4,128,537230,1810,15.6,내장
LG전자 울트라PC 14U390-ME1TK,셀러론,4,64,459020,1450,14,내장
ASUS E410MA-EK141TS,셀러론,4,128,368940,1300,14,내장
LG전자 2021 그램17 17ZD90P-GX5BK WIN10,i5-11세대,8,256,1538860,1350,17,내장
삼성전자 노트북 플러스2 NT550XDZ-AD1AG WIN10,셀러론,4,256,614550,1810,15.6,내장
ASUS 젠북 UX435EG-A5109T,i5-11세대,16,512,1369240,1190,14,외장
레노버 아이디어패드 S150-11,셀러론,4,64,279240,1100,11.6,내장
ASUS E210MA-GJ131T,셀러론,4,128,405080,1050,11.6,내장
MPGIO ZEUS FLAT,셀러론,4,64,299000,1300,14.1,내장
삼성전자 노트북 플러스2 NT550XDZ-AD1AW WIN10,셀러론,4,256,624310,1810,15.6,내장
LG전자 울트라PC 14U390-ME1TK 8GB램,셀러론,8,64,499990,1450,14,내장
삼성전자 노트북 플러스2 NT550XDZ-AD1AW WIN10 8GB램,셀러론,8,256,668720,1810,15.6,내장
레노버 아이디어패드 Slim 1i 81VT0022KR,셀러론,4,64,279148,1200,11.6,내장
HP 파빌리온 x360 14-dw1049TU,i5-11세대,8,256,929200,1610,14,내장
삼성전자 노트북5 NT550EBZ-AD1A WIN10,셀러론,4,500,594010,1950,15.6,내장
포유디지탈 iMUZ 스톰북 5 WIN10,셀러론,4,64,323100,1800,15.6,내장
LG전자 2019 울트라PC 14U390-EE1TK,셀러론,4,64,459030,1450,14,내장
LG전자 2021 그램14 14ZD90P-GX5BK WIN10,i5-11세대,8,256,1222450,999,14,내장
ASUS E410MA-EK143TS,셀러론,4,128,368940,1300,14,내장
ASUS X415MA-EK168 WIN10 8GB램,셀러론,8,256,532670,1500,14,내장
ASUS X415MA-EB062 WIN10 8GB램,셀러론,8,256,591560,1500,14,내장
ASUS X415MA-EB061 WIN10 8GB램,셀러론,8,256,591070,1500,14,내장
ASUS X415MA-EK168 WIN10,셀러론,4,256,468270,1500,14,내장
ASUS E410MA-EB407TS,셀러론,4,500,493110,1300,14,내장
삼성전자 노트북 Flash NT530XBB-K14C,셀러론,4,128,676710,1370,13.3,내장
삼성전자 노트북5 NT550EAA-K18C,셀러론,8,1000,1804000,1950,15.6,내장
삼성전자 노트북3 NT300E5S-KD1A WIN10,셀러론,4,500,555740,1980,15.6,내장
레노버 Slim1-14IGL05 81VU005VKR,셀러론,4,128,404716,1400,14,내장
ASUS 비보북 X515MA-EJ232 WIN10 8GB램,셀러론,8,256,998990,1800,15.6,내장
ASUS 비보북 X515MA-EJ233 WIN10 8GB램,셀러론,8,256,999990,1800,15.6,내장
LG전자 2018 울트라PC 14U380-EU1TK,셀러론,4,32,493680,1400,14,내장
삼성전자 노트북5 NT550EAA-K18W,셀러론,8,1000,643070,1950,15.6,내장
LG전자 울트라PC 13U360-EUTCK,셀러론,2,32,604500,1350,13.3,내장
삼성전자 노트북5 NT500R3W-LD1A WIN10,셀러론,4,128,743990,1450,13.3,내장
삼성전자 노트북3 NT300E5Q-LD14S WIN10,셀러론,4,500,554280,1980,15.6,내장
디클 클릭북 D141 METAL,셀러론,4,64,550000,1300,14.1,내장
포유디지탈 iMUZ 스톰북 14 Apollo,셀러론,4,32,327490,1350,14.1,내장
베이직스 베이직북14 2세대,셀러론,8,256,398000,1380,14.1,내장
삼성전자 노트북5 NT550EAA-K14C,셀러론,4,500,715030,1950,15.6,내장
LG전자 울트라PC 13U360-EU2TK,셀러론,4,32,669170,1350,13.3,내장
LG전자 그램360 16TD90P-GX50K WIN10,i5-11세대,8,256,1737880,1480,16,내장
삼성전자 노트북3 NT300E5L-K14A 8GB램,셀러론,8,1000,750000,1980,15.6,내장
LG전자 2017 울트라PC 15U370-LR1PK,셀러론,4,128,843990,1650,15.6,내장
삼성전자 노트북3 NT300E5Q-LD14 WIN10,셀러론,4,500,554280,1980,15.6,내장
삼성전자 노트북9 metal NT900X5J-K14W,셀러론,4,128,1380000,1290,15,내장
삼성전자 노트북9 metal NT900X5J-K14,셀러론,4,128,1077300,1290,15,내장
삼성전자 노트북5 NT500R3M-K14W,셀러론,4,128,754400,1450,13.3,내장
삼성전자 노트북3 NT300E5M-K14E,셀러론,4,128,798990,1980,15.6,내장
ASUS Laptop X509MA-BQ148 WIN10,셀러론,4,256,690000,1900,15.6,내장
삼성전자 노트북5 NT550EBZ-AD1A WIN10 16GB램,셀러론,16,500,779000,1950,15.6,내장
삼성전자 노트북5 NT550EAZ-AD1A WIN10,셀러론,4,500,584970,1950,15.6,내장
삼성전자 노트북9 metal NT900X5R-K18WA WIN10,셀러론,8,128,1186800,1290,15,내장
삼성전자 노트북9 Lite NT910S3L-M14W,셀러론,4,128,920000,1340,13.3,내장
LG전자 울트라PC 14U360-EU1CK,셀러론,2,32,624020,1490,14,내장
LG전자 2021 울트라PC 15U50P-GA5IK,i5-11세대,8,256,999900,1800,15.6,내장
LG전자 2021 그램16 16ZD90P-GX56K WIN10,i5-11세대,16,256,1691850,1190,16,내장
LG전자 2021 울트라PC 15UD50P-GX50K WIN10 32GB램,i5-11세대,32,500,1334000,1800,15.6,내장
LG전자 2021 그램14 14Z90P-GA50K,i5-11세대,8,256,1415500,999,14,내장
레노버 아이디어패드 Slim 1i 81VT0023KR,셀러론,4,64,279148,1200,11.6,내장
LG전자 2021 울트라기어 17U70P-FA56K,i5-11세대,8,256,1690880,1950,17,외장
HP 파빌리온 14-dv0080TX WIN10,i5-11세대,8,256,918990,1410,14,외장
LG전자 2021 울트라기어 17UD70P-PX56K WIN10 24GB램,i5-11세대,24,256,2100720,1950,17,외장
HP 엘리트 드래곤플라이 G2 3E2P7PA,i5-11세대,16,512,1808970,1100,13.3,내장
ASUS 젠북 듀오 UX482EA-KA110T,i5-11세대,16,512,1598000,1620,14,내장
삼성전자 노트북 플러스2 NT550XDA-XC59G 32GB램,i5-11세대,32,256,1391010,1840,15.6,외장
LG전자 2021 그램16 16Z90P-GA5SK,i5-11세대,8,256,1567500,1190,16,내장
ASUS 젠북 플립 UX363EA-HP214T,i5-11세대,8,512,1198990,1300,13.3,내장
삼성전자 노트북 플러스2 NT550XDA i5 WIN10 8GB램,i5-11세대,8,256,1022530,1810,15.6,내장
삼성전자 노트북 플러스2 NT550XDZ-AD5AW WIN10 16GB램,i5-11세대,16,256,1145000,1810,15.6,내장
삼성전자 노트북 플러스2 NT550XDZ-AD1AG WIN10 8GB램,셀러론,8,256,654110,1810,15.6,내장
LG전자 2021 울트라PC 17UD70P-GX56K WIN10,i5-11세대,8,256,1343100,1850,17,내장
삼성전자 갤럭시북 프로360 NT950QDB-KC58G,i5-11세대,8,256,1831200,1390,15.6,내장
ASUS E410MA-EB511T,셀러론,4,128,449450,1300,14,내장
삼성전자 노트북 플러스2 NT550XDZ-AD1AW WIN10 16GB램,셀러론,16,256,891480,1810,15.6,내장
LG전자 2021 울트라기어 15U70P-FR56K,i5-11세대,8,256,1529910,1850,15.6,외장
삼성전자 갤럭시북 플렉스2 NT930QDA-KC58B,i5-11세대,8,256,1598750,1160,13.3,내장
ASUS X415MA-EB061 WIN10,셀러론,4,256,523370,1500,14,내장
ASUS X415MA-EB062 WIN10,셀러론,4,256,521610,1500,14,내장
삼성전자 노트북 플러스2 NT550XDZ-AD1AW WIN10 32GB램,셀러론,32,256,983480,1810,15.6,내장
HP 파빌리온 x360 14-dw1052TU,i5-11세대,8,512,883190,1610,14,내장
ASUS 비보북 X515MA-BQ116 WIN10 8GB램,셀러론,8,1000,612860,1800,15.6,내장
삼성전자 노트북 플러스 NT550XCR-AD1WA WIN10,셀러론,4,128,1023000,1810,15.6,내장
포유디지탈 iMUZ 스톰북 14S,셀러론,4,32,321080,1400,14.1,내장
DELL 보스트로 14 3400 0004KR WIN10 16GB램,i5-11세대,16,256,735070,1590,14,내장
LG전자 울트라PC 13U360-EU1CK,셀러론,2,32,588680,1350,13.3,내장
삼성전자 노트북 Flash NT530XBB-K14B,셀러론,4,128,804790,1370,13.3,내장
ASUS 비보북 X515MA-BQ116 WIN10,셀러론,4,256,508620,1800,15.6,내장
LG전자 울트라PC 13U360-LR1CK,셀러론,4,500,646350,1350,13.3,내장
삼성전자 갤럭시북 프로360 NT950QDB-KC58S,i5-11세대,8,256,1919990,1390,15.6,내장
ASUS 비보북 X515MA-EJ232 WIN10,셀러론,4,256,998990,1800,15.6,내장
ASUS 비보북 X515MA-EJ233 WIN10,셀러론,4,256,989990,1800,15.6,내장
삼성전자 노트북3 NT340XAZ-AD1A WIN10,셀러론,4,500,1069490,1660,14,내장
LG전자 2017 울트라PC 15U370-LR1PK 8GB램,셀러론,8,128,944000,1650,15.6,내장
ASUS 비보북 X515MA-BQ125 WIN10,셀러론,4,256,998990,1800,15.6,내장
LG전자 2017 울트라PC 15UD370-LX1TK WIN10,셀러론,4,128,552000,1650,15.6,내장
레노버 씽크패드 E15 ITL 20TDS01600,i5-11세대,8,256,1039000,1700,15.6,외장
LG전자 그램360 16T90P-GA56K,i5-11세대,16,256,2024970,1480,16,내장
LG전자 울트라PC 14U360-EU1UK,셀러론,2,32,599000,1490,14,내장
삼성전자 노트북3 NT300E5L-K14A,셀러론,4,1000,759000,1980,15.6,내장
레노버 Slim1-14IGL05 81VU005UKR,셀러론,4,128,404716,1400,14,내장
LG전자 울트라PC 14U360-AU1UK,셀러론,4,32,638910,1490,14,내장
LG전자 2017 울트라PC 13U370-LR1EK,셀러론,4,128,678040,1300,13.3,내장
ASUS 젠북 UX435EG-A5110T,i5-11세대,16,512,1369240,1190,14,외장
ASUS Laptop X509MA-BQ149 WIN10,셀러론,4,256,650000,1900,15.6,내장
LG전자 2021 그램17 17Z90P-GA50K,i5-11세대,8,256,1664550,1350,17,내장
레노버 씽크패드 X1 나노 20UNS02L00,i5-11세대,16,256,2199000,939,13.3,내장
HP 파빌리온 14-dv0081TX,i5-11세대,8,256,909000,1410,14,외장
삼성전자 2021 갤럭시북 NT750XDA-KC58S,i5-11세대,8,256,1190000,1550,15.6,내장
HP 파빌리온 14-dv0075TU 16GB램,i5-11세대,16,256,991910,1410,14,내장
삼성전자 노트북 플러스2 NT550XDA-KC58G,i5-11세대,8,256,1081000,1810,15.6,내장
HP 14s-dq2006TU,i5-11세대,8,256,736700,1460,14,내장
HP 14s-DQ2008TU 16GB램,i5-11세대,16,256,816660,1430,14,내장
LG전자 2021 그램17 17ZD90P-GX56K WIN10,i5-11세대,16,256,1728250,1350,17,내장
레노버 씽크북 14s Yoga 20WE001WKR,i5-11세대,16,512,1185480,1500,14,내장
삼성전자 갤럭시북 이온2 NT930XDA-KC58W,i5-11세대,8,256,1360070,970,13.3,내장
ASUS 비보북 플립 14 TP470EA-11522T,i5-11세대,8,256,889000,1500,14,내장
삼성전자 갤럭시북 프로 NT930XDB-KC58P,i5-11세대,8,256,1559990,870,13.3,내장
삼성전자 갤럭시북 프로360 NT930QDB-KF58G,i5-11세대,8,256,1771110,1040,13.3,내장
LG전자 2021 울트라PC 15UD50P-KX50K WIN10,i5-11세대,8,256,958860,1850,15.6,외장
HP 파빌리온 x360 14-dw1052TU 16GB램,i5-11세대,16,512,947590,1610,14,내장
삼성전자 갤럭시북 플렉스2 NT930QDZ-A58AZ WIN10,i5-11세대,8,256,1598990,1160,13.3,내장
LG전자 2021 울트라PC 17UD70P-GX56K WIN10 16GB램,i5-11세대,16,256,1419990,1850,17,내장
삼성전자 갤럭시북 이온2 NT950XDA-XC58W 16GB램,i5-11세대,16,256,1813490,1260,15.6,외장
삼성전자 노트북 플러스2 NT550XDZ-AD5AW WIN10,i5-11세대,8,256,1012760,1810,15.6,내장
Microsoft 서피스 랩탑4 13.5 5BT-00020,i5-11세대,8,512,1690000,1288,13.5,내장
HP 파빌리온 15-eg0500TU,i5-11세대,8,256,909880,1850,15.6,내장
HP 파빌리온 x360 14-dw1049TU 16GB램,i5-11세대,16,256,977960,1610,14,내장
삼성전자 갤럭시북 플렉스2 NT950QDA-XC58Z,i5-11세대,8,256,1999990,1570,15.6,외장
삼성전자 갤럭시북 프로360 NT950QDB-KC58N,i5-11세대,8,256,2025980,1390,15.6,내장
삼성전자 갤럭시북 플렉스2 NT930QDA-KC58Z,i5-11세대,8,256,1643310,1160,13.3,내장
ASUS 비보북 플립 14 TP470EA-EC053T,i5-11세대,8,512,998940,1500,14,내장
LG전자 2021 울트라PC 15UD50P-GX50K WIN10 16GB램,i5-11세대,16,256,925830,1800,15.6,내장
HP 파빌리온 15-eg0115TX 32GB램,i5-11세대,32,256,1076000,1720,15.6,외장
HP 파빌리온 15-eg0114TX WIN10 16GB램,i5-11세대,16,256,977590,1720,15.6,외장
삼성전자 갤럭시북 이온2 NT930XDZ-A58AW WIN10,i5-11세대,8,256,1525190,970,13.3,내장
삼성전자 갤럭시북 이온2 NT950XDZ-G58AW WIN10 16GB램,i5-11세대,16,256,1588130,1260,15.6,외장
HP 파빌리온 15-eg0115TX,i5-11세대,8,256,918060,1720,15.6,외장
삼성전자 갤럭시북 프로 NT950XDC-XC58S,i5-11세대,8,256,1756760,1150,15.6,외장
LG전자 2021 울트라기어 17U70P-FA56K 16GB램,i5-11세대,16,256,1979000,1950,17,외장
삼성전자 갤럭시북 프로360 NT930QDY-A51A WIN10,i5-11세대,16,256,2254800,1040,13.3,내장
LG전자 2021 울트라기어 15UD70P-PX50K WIN10,i5-11세대,8,256,1540000,1850,15.6,외장
LG전자 그램360 14TD90P-GX50K WIN10,i5-11세대,8,256,1507760,1250,14,내장
HP 파빌리온 14-dv0075TU,i5-11세대,8,256,848000,1410,14,내장
삼성전자 갤럭시북 이온2 NT950XDZ-A58AW WIN10 16GB램,i5-11세대,16,256,1552640,1190,15.6,내장
삼성전자 갤럭시북 프로 NT950XDC-XC58B,i5-11세대,8,256,1813270,1150,15.6,외장
GIGABYTE G7 GD Gen11 i5 WIN10,i5-11세대,16,512,1589000,2500,17,외장
LG전자 2021 울트라기어 17UD70P-PX56K WIN10 16GB램,i5-11세대,16,256,1657530,1950,17,외장
DELL XPS 13 9305 WH01KR,i5-11세대,8,256,1349300,1160,13.3,내장
ASUS 비보북 S14 S433EA-AM605 WIN10,i5-11세대,8,512,835260,1400,14,내장
삼성전자 갤럭시북 플렉스2 NT950QDZ-G51AB WIN10,i5-11세대,16,256,2099000,1570,15.6,외장
삼성전자 갤럭시북 프로 NT930XDB-KC58S,i5-11세대,8,256,1569990,870,13.3,내장
DELL 보스트로 14 3400 0004KR WIN10,i5-11세대,8,256,693500,1590,14,내장
LG전자 2021 울트라PC 15U50P-GR56K 32GB램,i5-11세대,32,256,1301900,1800,15.6,내장
LG전자 2021 그램16 16Z90P-GA50K,i5-11세대,8,256,1506400,1190,16,내장
삼성전자 노트북 플러스2 NT560XDZ-G58A WIN10,i5-11세대,8,256,1467180,1850,15.6,외장
HP 250 G8-363U1PC,i5-11세대,8,256,819000,1690,15.6,내장
ASUS 젠북 UX425EA-BM117 WIN10,i5-11세대,16,512,1859990,1170,14,내장
DELL 2in1 인스피론 14 5410 DN5410A-WH03KR,i5-11세대,8,512,1128940,1500,14,외장
삼성전자 갤럭시북 프로 NT950XDX-G51A WIN10,i5-11세대,16,256,2147410,1150,15.6,외장
LG전자 2021 울트라기어 17UD70P-PX56K WIN10,i5-11세대,8,256,1669170,1950,17,외장
삼성전자 갤럭시북 플렉스2 NT950QDA-XC58B,i5-11세대,8,256,1954970,1570,15.6,외장
LG전자 2021 울트라기어 17U70P-FA56K,i5-11세대,8,256,1690830,1950,17,외장
LG전자 그램360 16TD90P-GX50K WIN10,i5-11세대,8,256,1737870,1480,16,내장
삼성전자 갤럭시북 프로 NT950XDB-KC58S,i5-11세대,8,256,1659990,1050,15.6,내장
DELL 2in1 XPS 13 9310 2001KR,i5-11세대,8,256,1948740,1320,13.4,내장
삼성전자 갤럭시북 프로 NT950XDB-KC58P,i5-11세대,8,256,1678880,1050,15.6,내장
DELL 인스피론 13 7300 WH03KR,i5-11세대,8,512,1300730,1014,13.3,외장
삼성전자 갤럭시북 프로 NT950XDB-KM59S,i5-11세대,8,512,1793550,1050,15.6,내장
삼성전자 갤럭시북 프로360 NT950QDY-A51A WIN10,i5-11세대,16,256,2262280,1390,15.6,내장
삼성전자 갤럭시북 프로 NT950XDB-KH58P,i5-11세대,8,256,1575200,1050,15.6,내장
ASUS X415EA-EB030 WIN10,i5-11세대,8,256,676960,1550,14,내장
삼성전자 2021 갤럭시북 NT755XDA-K58AS,i5-11세대,8,256,2790000,1550,15.6,내장
삼성전자 노트북 플러스2 NT550XDZ-GD5AG WIN10 16GB램,i5-11세대,16,256,1330930,1840,15.6,외장
삼성전자 갤럭시북 이온2 NT950XDZ-A58AW WIN10,i5-11세대,8,256,1452620,1190,15.6,내장
LG전자 2021 울트라PC 17UD70P-GX56K WIN10 32GB램,i5-11세대,32,256,1898090,1850,17,내장
LG전자 2021 그램14 14Z90P-GA5BK,i5-11세대,8,256,1589990,999,14,내장
삼성전자 갤럭시북 플렉스2 NT930QDA-KF58Z,i5-11세대,8,256,1682900,1160,13.3,내장
삼성전자 갤럭시북 프로 NT950XDY-A51A WIN10,i5-11세대,16,256,2091660,1050,15.6,내장
삼성전자 갤럭시북 프로360 NT930QDB-KC58G,i5-11세대,8,256,1855620,1040,13.3,내장
HP 14s-DQ2007TU WIN10 16GB램,i5-11세대,16,256,845470,1430,14,내장
삼성전자 노트북 플러스2 NT550XDZ-AD5AW WIN10 32GB램,i5-11세대,32,256,1398000,1810,15.6,내장
삼성전자 갤럭시북 프로360 NT950QDB-KF58S,i5-11세대,8,256,1860100,1390,15.6,내장
LG전자 2021 그램16 16Z90P-GA5BK,i5-11세대,8,256,1567500,1190,16,내장
HP 250 G8-363U0PC WIN10,i5-11세대,8,256,824820,1690,15.6,내장
삼성전자 갤럭시북 플렉스2 NT950QDZ-G58AB WIN10,i5-11세대,8,256,2068000,1570,15.6,외장
DELL 인스피론 15 5502 DN5502-UB05KR WIN10 16GB램,i5-11세대,16,512,1225610,1720,15.6,외장
HP 14s-dq2006TU 16GB램,i5-11세대,16,256,854670,1460,14,내장
삼성전자 노트북 플러스2 NT550XDA-XC59G 16GB램,i5-11세대,16,256,1252830,1840,15.6,외장
HP 파빌리온 x360 14-dw1052TU 32GB램,i5-11세대,32,512,1057990,1610,14,내장
LG전자 그램360 14TD90P-GX5BK WIN10,i5-11세대,16,256,2668000,1250,14,내장
LG전자 2021 울트라기어 15U70P-FR56K 16GB램,i5-11세대,16,256,1617870,1850,15.6,외장
삼성전자 갤럭시북 프로 NT950XDC-XF58S,i5-11세대,8,256,1682110,1150,15.6,외장
LG전자 2021 울트라PC 15UD50P-GX50K WIN10 40GB램,i5-11세대,40,2000,2198990,1800,15.6,내장
LG전자 2021 울트라PC 15U50P-GR56K 64GB램,i5-11세대,64,1000,1799000,1800,15.6,내장
레노버 씽크패드 X1 나노 20UNS02100,i5-11세대,16,256,1929000,907,13.3,내장
삼성전자 갤럭시북 프로 NT950XDB-KH58S,i5-11세대,8,256,1646090,1050,15.6,내장
LG전자 2021 울트라PC 15UD50P-GX50K WIN10 24GB램,i5-11세대,24,256,1339490,1800,15.6,내장
LG전자 2021 그램14 14Z90P-GA56K,i5-11세대,8,512,1678990,999,14,내장
삼성전자 갤럭시북 프로360 NT930QDB-KC58S,i5-11세대,8,256,1894880,1040,13.3,내장
DELL 인스피론 15 5510 DN5510-WH03KR,i5-11세대,8,256,978940,1630,15.6,내장
LG전자 2021 울트라기어 15UD70P-PX50K WIN10 16GB램,i5-11세대,16,256,1869310,1850,15.6,외장
LG전자 2021 울트라기어 17UD70P-PX56K WIN10 64GB램,i5-11세대,64,2000,2464670,1950,17,외장
삼성전자 노트북 플러스2 NT550XDA-KC58G 32GB램,i5-11세대,32,256,1271250,1810,15.6,내장
HP 파빌리온 x360 14-dw1050TU,i5-11세대,8,512,999000,1610,14,내장
삼성전자 갤럭시북 이온2 NT950XDA-XF58W,i5-11세대,8,256,1672000,1260,15.6,외장
삼성전자 갤럭시북 플렉스2 NT950QDA-XF58B,i5-11세대,8,256,1961140,1570,15.6,외장
레노버 아이디어패드 Slim3-15ITL 5W,i5-11세대,8,256,789000,1650,15.6,내장
LG전자 2021 그램16 16ZD90P-GX5LK WIN10,i5-11세대,16,256,1625350,1190,16,내장
LG전자 2021 울트라기어 15U70P-FR56K 24GB램,i5-11세대,24,256,2820520,1850,15.6,외장
삼성전자 갤럭시북 프로 NT950XDC-XL51S,i5-11세대,16,256,1943510,1150,15.6,외장
HP 14s-DQ2008TU,i5-11세대,8,256,749000,1430,14,내장
LG전자 2021 그램17 17Z95N-OA5YK,i5-11세대,16,256,1876520,1350,17,내장
삼성전자 갤럭시북 프로 NT935XDB-KC58B,i5-11세대,8,256,1804190,880,13.3,내장
HP 15s-fq2517TU WIN10,i5-11세대,8,512,791200,1690,15.6,내장
삼성전자 갤럭시북 이온2 NT950XDA-KC58W 16GB램,i5-11세대,16,256,1599780,1190,15.6,내장
DELL 보스트로 15 3500 0003KR WIN10 36GB램,i5-11세대,36,1000,1590600,1780,15.6,내장
DELL 인스피론 15 5502 DN5502-UB01KR WIN10 16GB램,i5-11세대,16,256,1030400,1720,15.6,내장
삼성전자 노트북 플러스2 NT560XDA-XC58 16GB램,i5-11세대,16,256,1618000,1850,15.6,외장
HP 파빌리온 15-eg0079TU WIN10 16GB램,i5-11세대,16,256,968000,1850,15.6,내장
레노버 씽크패드 E14 ITL 20TAS00V00,i5-11세대,8,256,989000,1700,14,외장
삼성전자 갤럭시북 프로360 NT930QDB-KC58N,i5-11세대,8,256,1910400,1040,13.3,내장
ASUS X415EA-EB029 WIN10 12GB램,i5-11세대,12,256,722820,1550,14,내장
DELL 보스트로 15 3500 0003KR WIN10 8GB램,i5-11세대,8,256,873070,1780,15.6,내장
DELL 인스피론 14 5410 DN5410-WH04KR,i5-11세대,8,256,968940,1440,14,내장
ASUS X415EA-EB029 WIN10,i5-11세대,8,256,677030,1550,14,내장
DELL 인스피론 15 5502 DN5502-UB01KR WIN10,i5-11세대,8,256,984400,1720,15.6,내장
ASUS X415EA-EB030 WIN10 12GB램,i5-11세대,12,256,780140,1550,14,내장
ASUS 비보북 S15 S533EQ-BQ024 WIN10,i5-11세대,8,512,986990,1800,15.6,외장
ASUS 비보북 X513EA-BQ031 WIN10 12GB램,i5-11세대,12,256,756520,1800,15.6,내장
DELL 인스피론 15 5502 DN5502-UB01KR WIN10 32GB램,i5-11세대,32,1000,1333070,1720,15.6,내장
HP 15s-fq2014TU 16GB램,i5-11세대,16,256,839120,1690,15.6,내장
HP 파빌리온 15-eg0079TU WIN10 32GB램,i5-11세대,32,256,1133670,1850,15.6,내장
HP 15s-fq2516TU,i5-11세대,8,512,799000,1690,15.6,내장
LG전자 2021 울트라PC 15U50P-GR56K,i5-11세대,8,256,927480,1800,15.6,내장
HP 프로북 450 G8-2Z9A2PA WIN10 64GB램,i5-11세대,64,2000,2498990,1740,15.6,내장
HP 프로북 450 G8-2Z9A2PA WIN10,i5-11세대,8,256,1088990,1740,15.6,내장
HP 250 G8-363U0PC WIN10 32GB램,i5-11세대,32,1000,1599000,1690,15.6,내장
HP 15s-fq2014TU,i5-11세대,8,256,779000,1690,15.6,내장
삼성전자 노트북 플러스2 NT560XDA i7 16GB램,i5-11세대,16,256,1759490,1850,15.6,외장
삼성전자 노트북 플러스2 NT560XDA i7 8GB램,i5-11세대,8,256,1722640,1850,15.6,외장
삼성전자 갤럭시북 이온2 NT950XDZ-G58AW WIN10 24GB램,i5-11세대,24,256,1931070,1260,15.6,외장
에이서 Swift3 SF314-59 플라이 i5 MAX WIN10,i5-11세대,16,512,919080,1200,14,내장
ASUS 비보북 S15 S533EA-BN119 WIN10,i5-11세대,8,512,1120050,1800,15.6,내장
에이서 Swift5 SF514-55T i5 WIN10,i5-11세대,16,512,1333960,1000,14,내장
ASUS 비보북 S15 S533EA-BQ009 WIN10,i5-11세대,8,512,1052230,1800,15.6,내장
레노버 요가 7 15ITL I5 PRO W10,i5-11세대,16,512,1380000,1900,15.6,내장
HP 파빌리온 x360 14-dw1050TU 32GB램,i5-11세대,32,512,1199000,1610,14,내장
레노버 아이디어패드 Slim5-15ITL 82FG005JKR,i5-11세대,8,256,897330,1660,15.6,외장
레노버 요가 7 14ITL I5 W10,i5-11세대,8,512,1349000,1400,14,내장
삼성전자 노트북 플러스2 NT550XDA i5 WIN10 8GB,i5-11세대,8,256,1188340,1840,15.6,내장
ASUS TUF Dash F15 FX516PM-HN015 WIN10 16GB램,i5-11세대,16,512,1590680,2000,15.6,외장
HP 프로북 440 G8 2Z9B5PA WIN10 16GB램,i5-11세대,16,256,1175000,1380,14,외장
LG전자 그램360 16TD90P-GX56K WIN10,i5-11세대,16,256,2852000,1480,16,내장
레노버 씽크패드 X1 나노 20UNCTO1WWKOKR0,i5-11세대,8,256,1875456,962,13.3,내장
ASUS 비보북 X513EA-BQ031 WIN10,i5-11세대,8,256,746520,1800,15.6,내장
삼성전자 갤럭시북 플렉스2 NT950QDZ-G58AZ WIN10,i5-11세대,8,256,1968940,1570,15.6,외장
레노버 플렉스 5 15ITL I5 82HT0005KR,i5-11세대,8,256,916648,2000,15.6,내장
레노버 요가 Slim7 15ITL I5 82ACCTO1WWKOKR0,i5-11세대,8,256,1058250,1600,15.6,내장
LG전자 2021 그램17 17Z90P-GA56K,i5-11세대,8,512,2054330,1350,17,내장
LG전자 그램360 14T90P-GA56K,i5-11세대,16,256,1779000,1250,14,내장
HP 파빌리온 15-eg0500TU 32GB램,i5-11세대,32,1000,1187100,1850,15.6,내장
ASUS 비보북 S15 S533EA-BQ010 WIN10,i5-11세대,8,512,900670,1800,15.6,내장
GIGABYTE G5 MD Gen11 i5 WIN10,i5-11세대,16,512,5000000,2200,15.6,외장
삼성전자 갤럭시북 프로360 NT950QDB-KF58N,i5-11세대,8,256,1860090,1390,15.6,내장
삼성전자 노트북 플러스2 NT560XDZ-G58A WIN10 16GB램,i5-11세대,16,256,1647000,1850,15.6,외장
레노버 씽크패드 E14 ITL 20TAS01300,i5-11세대,8,512,1003580,1590,14,내장
LG전자 2021 울트라PC 15U50P-GR56K 24GB램,i5-11세대,24,256,1255200,1800,15.6,내장
LG전자 2021 울트라기어 17UD70P-PX56K WIN10 32GB램,i5-11세대,32,256,1925700,1950,17,외장
레노버 요가 Slim7 15ITL i5 16G WIN10,i5-11세대,16,512,1138807,1850,15.6,내장
삼성전자 갤럭시북 플렉스2 NT930QDZ-A58AB WIN10,i5-11세대,8,256,2009020,1160,13.3,내장
DELL 보스트로 14 3400 0004KR WIN10 32GB램,i5-11세대,32,256,826990,1590,14,내장
레노버 씽크북 15-ITL 20VE004QKR,i5-11세대,8,256,829000,1700,15.6,내장
주연테크 슈퍼플라이 J9FT WIN10,i5-11세대,16,512,969880,1120,14,내장
삼성전자 갤럭시북 프로360 NT950QDB-KM59S,i5-11세대,8,512,2064000,1390,15.6,내장
DELL 인스피론 14 7400 WH03KR,i5-11세대,8,512,1252000,1260,14.5,외장
HP 15s-fq2516TU 16GB램,i5-11세대,16,512,899000,1690,15.6,내장
ASUS 비보북 X413EA-EB087 WIN10,i5-11세대,8,256,939990,1400,14,내장
ASUS 젠북 UX325EA-KG353 WIN10,i5-11세대,16,1000,1448990,1140,13.3,내장
삼성전자 갤럭시북 프로 NT930XDB-KF58P,i5-11세대,8,256,1504110,870,13.3,내장
LG전자 2021 울트라PC 15UD50P-KX50K WIN10 24GB램,i5-11세대,24,256,1879610,1850,15.6,외장
HP 스펙터 x360 13-aw2103TU,i5-11세대,8,256,1598990,1300,13.3,내장
LG전자 2021 울트라기어 17U70P-FA56K 24GB램,i5-11세대,24,256,2100290,1950,17,외장
LG전자 그램360 14T90P-OA56K,i5-11세대,16,256,1848810,1250,14,내장
삼성전자 갤럭시북 프로 NT950XDB-KF58S,i5-11세대,8,256,1593100,1050,15.6,내장
DELL 보스트로 14 3400 0003KR WIN10 16GB램,i5-11세대,16,1000,741330,1590,14,내장
ASUS 비보북 S15 S533EQ-BN174 WIN10,i5-11세대,8,512,1233810,1800,15.6,외장
삼성전자 갤럭시북 플렉스2 NT930QDZ-A51AB WIN10,i5-11세대,16,256,1948000,1160,13.3,내장
HP 14s-dq2005TU WIN10 32GB램,i5-11세대,32,1000,1299000,1460,14,내장
ASUS 비보북 X513EA-BQ031 WIN10 20GB램,i5-11세대,20,256,851960,1800,15.6,내장
삼성전자 갤럭시북 이온2 NT950XDZ-A58AW WIN10 40GB램,i5-11세대,40,256,3680000,1190,15.6,내장
ASUS X515EA-BQ041 WIN10 20GB램,i5-11세대,20,256,827040,1800,15.6,내장
레노버 씽크북 14s Yoga 20WECTO1WWKOKR0,i5-11세대,8,256,1109654,1500,14,내장
레노버 요가 7 15ITL I5 W10,i5-11세대,8,512,1320300,1900,15.6,내장
DELL 인스피론 15 5502 DN5502-UB05KR WIN10 32GB램,i5-11세대,32,1000,1398590,1720,15.6,외장
DELL 보스트로 14 3400 0003KR WIN10,i5-11세대,4,1000,684930,1590,14,내장
레노버 씽크패드 E15 ITL 20TDS00T00,i5-11세대,8,256,959000,1700,15.6,내장
HP 파빌리온 x360 14-dw1050TU 16GB램,i5-11세대,16,512,1048800,1610,14,내장
HP 프로북 450 G8-2Z9A2PA WIN10 16GB램,i5-11세대,16,256,1198990,1740,15.6,내장
레노버 요가 Slim7 15ITL i5 WIN10,i5-11세대,8,512,1178950,1850,15.6,내장
레노버 씽크패드 E14 ITL 20TAS01A00,i5-11세대,8,256,1038950,1700,14,외장
HP 파빌리온 15-eg0079TU WIN10,i5-11세대,8,256,899000,1850,15.6,내장
ASUS 비보북 S15 S533EQ-BQ025 WIN10,i5-11세대,8,512,958790,1800,15.6,외장
레노버 요가 7 14ITL I5 82BHCTO1WWKOKR0,i5-11세대,8,256,1248506,1430,14,내장
레노버 씽크패드 L13 Yoga G2 20VKCTO1WWKOKR0,i5-11세대,8,256,1025270,1430,13.3,내장
DELL 인스피론 15 5510 DN5510-WH01KR,i5-11세대,16,512,1268940,1630,15.6,외장
레노버 씽크패드 X1 나노 20UNS00D00,i5-11세대,16,512,2019000,962,13.3,내장
HP 파빌리온 x360 14-dw1050TU 64GB램,i5-11세대,64,512,1399000,1610,14,내장
ASUS TUF Dash F15 FX516PM-HN015 WIN10 24GB램,i5-11세대,24,2000,1921880,2000,15.6,외장
레노버 씽크패드 T14 GEN2 20W0CTO1WWKOKR0,i5-11세대,8,256,1295536,1470,14,내장
레노버 씽크북 14s-ITL 20VACTO1WWKOKR0,i5-11세대,8,256,1019049,1270,14,내장
레노버 요가 Slim7 14ITL i5 WIN10 16GB램,i5-11세대,16,512,1159000,1400,14,내장
레노버 씽크패드 X1 Yoga 20XYCTO1WWKOKR0,i5-11세대,8,256,1929048,1350,14,내장
레노버 아이디어패드 Slim5-14ITL 82FE0057KR,i5-11세대,8,256,897330,1580,14,외장
레노버 씽크패드 X1 카본 20XWCTO1WWKOKR0,i5-11세대,8,256,1759912,1130,14,내장
레노버 씽크패드 E15 ITL 20TDCTO1WWKOKR0,i5-11세대,4,256,854930,1700,15.6,내장
레노버 요가 Slim7 82A3001XKR,i5-11세대,8,512,1090511,1400,14,내장
레노버 아이디어패드 Slim5-14ITL 82FE000DKR,i5-11세대,8,256,849034,1580,14,내장
삼성전자 갤럭시북 이온2 NT950XDA-KH58W,i5-11세대,8,256,1562050,1190,15.6,내장
DELL 보스트로 15 3500 0003KR WIN10 12GB램,i5-11세대,12,1000,999000,1780,15.6,내장
HP 프로북 450 G8-2Z9A2PA WIN10 32GB램,i5-11세대,32,1000,1798660,1740,15.6,외장
HP 프로북 450 G8 2Z9A5PA WIN10,i5-11세대,8,256,1312660,1740,15.6,외장
레노버 씽크북 13s-ITL 20V90031KR,i5-11세대,8,256,949000,1260,13.3,내장
DELL XPS 13 9305 WH02KR,i5-11세대,8,512,1417880,1160,13.3,내장
삼성전자 갤럭시북 프로 NT950XDB-KJ51S,i5-11세대,16,256,1799280,1050,15.6,내장
삼성전자 노트북 플러스2 NT550XDA-XF59W,i5-11세대,8,256,1193800,1840,15.6,외장
DELL 2in1 인스피론 14 5410 DN5410A-WH02KR,i5-11세대,8,256,998940,1500,14,내장
레노버 씽크패드 E15 ITL 20TDS01400,i5-11세대,8,256,957550,1700,15.6,내장
DELL 인스피론 15 5502 DN5502-WH05KR,i5-11세대,8,512,1009000,1720,15.6,외장
에이서 아스파이어5 A515-56 유니크 WIN10,i5-11세대,8,256,759000,1690,15.6,내장
삼성전자 갤럭시북 플렉스2 NT950QDZ-G51AZ WIN10,i5-11세대,16,256,2099000,1570,15.6,외장
삼성전자 갤럭시북 이온2 NT950XDZ-G58AW WIN10 32GB램,i5-11세대,32,256,2684030,1260,15.6,외장
LG전자 2021 그램17 17Z95N-OA56K,i5-11세대,16,512,1962730,1350,17,내장
삼성전자 갤럭시북 이온2 NT930XDZ-A51AW WIN10,i5-11세대,16,512,1622000,970,13.3,내장
삼성전자 갤럭시북 이온2 NT950XDA-XF58W 16GB램,i5-11세대,16,256,1799000,1260,15.6,외장
레노버 요가 Slim7 15ITL i5 W10,i5-11세대,8,512,1109000,1850,15.6,내장
레노버 씽크패드 X1 티타늄 Yoga 20QAS00800,i5-11세대,16,256,2799000,1180,13.5,내장
레노버 씽크패드 E14 ITL 20TAS00Y00,i5-11세대,8,256,909000,1700,14,내장
레노버 씽크북 15-ITL 20VE004VKR,i5-11세대,8,256,899000,1700,15.6,내장
DELL 보스트로 14 3400 0003KR WIN10 32GB램,i5-11세대,32,1000,844730,1590,14,내장
ASUS X515EA-BQ040 WIN10 20GB램,i5-11세대,20,256,859370,1800,15.6,내장
GIGABYTE G5 GD Gen11 i5 WIN10,i5-11세대,16,512,5000000,2200,15.6,외장
레노버 요가 7 15ITL I5 82BJCTO1WWKOKR0,i5-11세대,8,256,1213171,1900,15.6,내장
HP 스펙터 x360 13-aw2106TU,i5-11세대,8,256,1598990,1300,13.3,내장
DELL 보스트로 14 3400 0003KR WIN10 8GB램,i5-11세대,8,1000,731790,1590,14,내장
레노버 아이디어패드 Slim5-15ITL 82FG005HKR,i5-11세대,16,256,945625,1660,15.6,외장
에이서 Swift3 SF314-59 플라이 i5 WIN10,i5-11세대,8,256,929070,1200,14,내장
ASUS TUF Dash F15 FX516PM-HN015 WIN10,i5-11세대,8,512,1588980,2000,15.6,외장
레노버 씽크패드 T14s GEN2 20WMCTO1WWKOKR0,i5-11세대,8,256,1341032,1280,14,내장
레노버 씽크패드 E14 ITL 20TAS01400,i5-11세대,8,256,958950,1700,14,내장
레노버 V14 ITL-82KA002NKR,i5-11세대,8,256,749000,1600,14,내장
레노버 요가 7 Slim 7i Carbon 82EV005DKR,i5-11세대,16,512,1331989,970,13.3,내장
레노버 요가 7 14ITL I5 PRO W10,i5-11세대,16,512,1370625,1400,14,내장
레노버 씽크패드 T15 GEN2 20W4CTO1WWKOKR0,i5-11세대,8,256,1261400,1750,15.6,내장
레노버 씽크패드 X1 티타늄 Yoga 20QACTO1WWKOKR0,i5-11세대,8,256,2368872,1150,13.5,내장
레노버 아이디어패드 Slim5-15ITL 82FG001DKR,i5-11세대,8,256,849034,1660,15.6,내장
레노버 플렉스 5 14ITL I5 82HS0018KR,i5-11세대,8,256,916648,1650,14,내장
레노버 씽크패드 P15s GEN2 20W6CTO1WWKOKR0,i5-11세대,8,256,1497785,1760,15.6,외장
레노버 요가 Slim7 14ITL I5 82A3CTO1WWKOKR0,i5-11세대,8,256,1090890,1500,14,내장
레노버 씽크패드 P14s GEN2 20VXCTO1WWKOKR0,i5-11세대,8,256,1492430,1470,14,외장
DELL 보스트로 15 3500 0003KR WIN10 20GB램,i5-11세대,20,1000,1199000,1780,15.6,내장
HP 엘리트 드래곤플라이 G2 3E2Q0PA,i7-11세대,16,512,2126380,999,13.3,내장
HP 엘리트북 850 G8-3D3X2PA,i7-11세대,16,512,1708780,1690,15.6,내장
삼성전자 2021 갤럭시북 NT750XDA-KF38S,i3-11세대,8,256,863310,1550,15.6,내장
MSI 써밋 B14 A11M WIN10,i7-11세대,16,512,1147590,1300,14,내장
MSI GP시리즈 GP66 레오파드 11UG QHD WIN10,i7-11세대,8,512,2466320,2380,15.6,외장
삼성전자 노트북 플러스2 NT550XDA-KC35G,i3-11세대,4,256,696270,1810,15.6,내장
ASUS 비보북 S15 S533EQ-BN174T,i5-11세대,8,512,1007110,1800,15.6,외장
HP 파빌리온 x360 14-dw1053TU,i7-11세대,16,512,1196500,1610,14,내장
레노버 씽크북 14ITL 20VD005JKR,i5-11세대,8,1000,1099000,1400,14,내장
LG전자 2020 울트라PC 15U50N-LR26K 12GB램,펜티엄 골드,12,256,716500,1750,15.6,내장
HP 스펙터 x360 13-aw2108TU,i7-11세대,16,1000,2248980,1300,13.3,내장
삼성전자 갤럭시북 플렉스2 NT950QDA-X72A,i7-11세대,16,1000,2279050,1570,15.6,외장
HP 스펙터 x360 13-aw2105TU,i7-11세대,16,1000,2229990,1300,13.3,내장
레노버 요가 Slim7 15ITL i7 WIN10,i7-11세대,8,512,1281450,1850,15.6,내장
삼성전자 2021 갤럭시북 NT750XDA-KF58U,i5-11세대,8,256,1059110,1550,15.6,내장
HP 파빌리온 x360 14-dw1051TU,i5-11세대,8,256,898900,1610,14,내장
HP 파빌리온 15-eg0115TX 16GB램,i5-11세대,16,256,973740,1720,15.6,외장
LG전자 그램360 16T90P-OA56K,i5-11세대,16,256,2024980,1480,16,내장
ASUS X515EA-BQ041 WIN10,i5-11세대,8,256,735070,1800,15.6,내장
레노버 플렉스 5 15ITL i5 PRO W10,i5-11세대,8,256,978000,1870,15.6,내장
LG전자 2021 울트라기어 17U70P-FA56K 32GB램,i5-11세대,32,256,2176730,1950,17,외장
삼성전자 갤럭시북 이온2 NT950XDZ-G58AW WIN10 40GB램,i5-11세대,40,4000,3095750,1260,15.6,외장
삼성전자 갤럭시북 이온2 NT950XDZ-A58AW WIN10 32GB램,i5-11세대,32,256,2546420,1190,15.6,내장
HP 15s-fq2013TU WIN10,i5-11세대,8,256,790280,1690,15.6,내장
HP 15s-fq2013TU WIN10 16GB램,i5-11세대,16,500,974280,1690,15.6,내장
DELL 인스피론 15 5502 DN5502-UB05KR WIN10,i5-11세대,8,512,1177740,1720,15.6,외장
HP Z북 Firefly 15 G8 1G3T8AV,i5-11세대,16,512,1834490,1720,15.6,외장
삼성전자 노트북 플러스2 NT550XDA-KC35W,i3-11세대,4,256,718060,1810,15.6,내장
ASUS X515EA-BQ043 WIN10,i3-11세대,4,256,648930,1800,15.6,내장
삼성전자 갤럭시북 이온2 NT950XDZ-A38AW WIN10 24GB램,i3-11세대,24,256,2064860,1190,15.6,내장
레노버 씽크패드 X1 카본 20XWS01000,i7-11세대,16,256,2078950,1140,14,내장
ASUS X515EA-BQ042 WIN10,i3-11세대,4,256,638660,1800,15.6,내장
ASUS X515EA-BQ042 WIN10 12GB램,i3-11세대,12,256,704860,1800,15.6,내장
ASUS X515EA-BQ043 WIN10 12GB램,i3-11세대,12,256,709420,1800,15.6,내장
삼성전자 노트북 플러스2 NT550XDA-XC59G,i5-11세대,8,256,1167760,1840,15.6,외장
ASUS 젠북 플립 UX363EA-HP213T,i7-11세대,16,512,1543230,1300,13.3,내장
레노버 요가 7 14ITL I7 PRO W10,i7-11세대,16,512,1467216,1400,14,내장
레노버 씽크북 14ITL 20VD0052KR,i7-11세대,8,256,979000,1400,14,내장
레노버 씽크패드 T14 Gen2 20W0S00D00,i7-11세대,16,512,1760310,1500,14,내장
HP 프로북 440 G8 2Z9B9PA,i7-11세대,16,512,1349000,1380,14,내장
ASUS ExpertBook B9 B9400CEA-HM0049R,i7-11세대,16,1000,1973590,1010,14,내장
레노버 씽크패드 X1 Yoga 20XY005XKR,i7-11세대,16,512,2549001,1350,14,내장
레노버 씽크패드 X1 카본 20XW0071KR,i7-11세대,16,512,2149000,1130,14,내장
HP 엘리트북 850 G8-3D3X0PA,i7-11세대,16,512,1700000,1690,15.6,외장
HP 프로북 450 G8-2Z9A6PA 64GB램,i7-11세대,64,2000,2326630,1740,15.6,외장
레노버 씽크패드 L13 G2 20VHS02500,i7-11세대,16,512,1341648,1380,13.3,내장
레노버 씽크패드 T14 Gen2 20W0S00200,i7-11세대,16,256,1711390,1500,14,내장
레노버 씽크패드 T14 Gen2 20W0S00E00,i7-11세대,16,512,1662470,1500,14,내장
삼성전자 노트북 플러스2 NT550XDA-K14AG,셀러론,4,128,509000,1810,15.6,내장
삼성전자 노트북 플러스2 NT550XDA-K14AG 8GB램,셀러론,8,128,529000,1810,15.6,내장
정현씨앤씨 NEXTBOOK NB141LTN41,셀러론,4,64,557070,1200,14,내장
MSI 모던시리즈 모던14 B11MO-i3 WIN10 16GB램,i3-11세대,16,256,799140,1300,14,내장
HP 엘리트북 850 G8-3D3W7PA,i5-11세대,8,512,1349000,1690,15.6,내장
HP 엘리트북 x360 830 G8-3D4L7PA,i5-11세대,8,512,1489000,1310,13.3,내장
MSI 모던시리즈 모던14 B11MO-i3 WIN10 32GB램,i3-11세대,32,256,914750,1300,14,내장
HP 엘리트북 850 G8-3D3W5PA,i5-11세대,8,512,1303900,1690,15.6,내장
HP 프로북 440 G8 2Z9B4PA,i5-11세대,8,256,1251750,1380,14,외장
HP 프로북 440 G8,i5-11세대,8,256,1098990,1680,14,내장
HP 프로북 440 G8 32GB램,i5-11세대,32,500,1398990,1680,14,외장
레노버 씽크패드 L14 G2 20X1S00500,i5-11세대,8,1000,1040000,1740,14,내장
HP 프로북 440 G8 2Z9B4PA 16GB램,i5-11세대,16,256,1220000,1380,14,외장
HP 프로북 440 G8 2Z9B4PA 64GB램,i5-11세대,64,256,1482000,1380,14,외장
레노버 씽크패드 X1 Yoga 20XY005VKR,i5-11세대,16,512,2169000,1350,14,내장
레노버 씽크패드 L13 Yoga G2 20VKS01P00,i5-11세대,8,256,1177444,1430,13.3,내장
삼성전자 노트북 플러스2 NT550XDA-KC36G,i3-11세대,4,512,1116000,1810,15.6,내장
HP 엘리트북 850 G8-3D3W9PA,i5-11세대,8,512,1438990,1690,15.6,외장
HP Z북 Firefly 15 G8 1G3T8AV,i5-11세대,16,512,1834550,1720,15.6,외장
HP 엘리트북 x360 830 G8-3D4L0PA,i5-11세대,8,512,1369000,1310,13.3,내장
삼성전자 노트북5 NT500R4P-LD1S WIN10,셀러론,4,128,710000,1650,14,내장
HP 프로북 450 G8 2Z9A3PA,i5-11세대,8,256,1177240,1740,15.6,외장
DELL 래티튜드 5520 i5 UHD,i5-11세대,8,256,1399000,1590,15.6,내장
HP 250 G8-363U3PC,i5-11세대,16,512,1010000,1690,15.6,내장
HP 프로북 440 G8 2Z9B1PA,i5-11세대,8,256,974200,1380,14,내장
HP 250 G8-363U2PC,i5-11세대,8,256,879000,1690,15.6,외장
레노버 씽크패드 L14 G2 20X1S00600,i5-11세대,8,256,1019000,1740,14,내장
HP 엘리트북 840 G8-3D3W0PA,i5-11세대,8,512,1219000,1350,14,내장
DELL 래티튜드 5520 i5 UHD 16GB램,i5-11세대,16,256,1479000,1590,15.6,내장
레노버 씽크패드 X1 Yoga 20XYS00700,i5-11세대,8,256,2029000,1390,14,내장
HP 프로북 440 G8 64GB램,i5-11세대,64,2000,1998990,1680,14,외장
HP 프로북 440 G8 2Z9B4PA 32GB램,i5-11세대,32,256,1310000,1380,14,외장
HP 프로북 450 G8-2Z8Z9PA,i5-11세대,8,256,1047000,1740,15.6,외장
DELL 래티튜드 5520 i5 16GB램,i5-11세대,16,256,1329000,1590,15.6,내장
HP 프로북 440 G8 16GB램,i5-11세대,16,256,1198990,1680,14,내장
레노버 씽크패드 L13 Yoga G2 20VK0027KR,i5-11세대,8,256,1177850,1440,13.3,내장
HP 엘리트북 830 G8-3D3V6PA,i5-11세대,8,512,1150000,1260,13.3,내장
레노버 씽크북 14ITL 20VD005JKR,i5-11세대,8,1000,1125850,1400,14,내장
레노버 씽크패드 L13 G2 20VHS02400,i5-11세대,8,256,1080852,1380,13.3,내장
레노버 씽크패드 L14 G2 20X1S00K00,i5-11세대,8,256,1042216,1590,14,내장
HP 프로북 440 G8 2Z9B1PA 16GB램,i5-11세대,16,500,1238000,1380,14,내장
레노버 씽크패드 T14 Gen2 20W0S00400,i5-11세대,8,256,1417840,1500,14,내장
ASUS ExpertBook B9 B9400CEA-I5B650R,i5-11세대,16,512,1760000,1010,14,내장
레노버 씽크패드 X1 나노 20UNS00B00,i5-11세대,16,512,2089000,962,13.3,내장
레노버 씽크패드 E15 ITL 20TDS01100,i5-11세대,8,512,974602,1700,15.6,내장
레노버 씽크패드 T14 GEN2 20W0006KKR,i5-11세대,16,512,1549001,1470,14,내장
레노버 씽크패드 T14 Gen2 20W0S00000,i5-11세대,8,256,1368920,1500,14,내장
LG전자 2020 그램15 15Z995-L.AR2MK,펜티엄 골드,8,256,919990,1099,15.6,내장
레노버 V15 ITL-82KB002GKR WIN10 8GB램,i3-11세대,8,128,643070,1700,15.6,내장
삼성전자 갤럭시북 프로 NT930XDB-KH38P,i3-11세대,8,256,1415200,870,13.3,내장
삼성전자 노트북 플러스2 NT550XDA-KH39W,i3-11세대,8,256,849000,1810,15.6,내장
레노버 V15 ITL-82KB002KKR,i3-11세대,4,128,562810,1700,15.6,내장
삼성전자 갤럭시북 프로360 NT930QDB-KC38G,i3-11세대,8,256,1671200,1040,13.3,내장
LG전자 2021 울트라PC 15UD50P-GX30K WIN10 16GB램,i3-11세대,16,128,880460,1800,15.6,내장
LG전자 2021 그램16 16Z90P-GA30K,i3-11세대,8,256,1379980,1190,16,내장
LG전자 그램360 14TD90P-GX30K WIN10,i3-11세대,8,256,1498860,1250,14,내장
삼성전자 노트북 플러스2 NT550XDA-KC33W,i3-11세대,4,256,752640,1810,15.6,내장
삼성전자 갤럭시북 이온2 NT950XDZ-A38AW WIN10,i3-11세대,8,256,1306260,1190,15.6,내장
HP 14s-dq2004TU,i3-11세대,4,256,573780,1430,14,내장
HP 파빌리온 14-dv0072TU WIN10 16GB램,i3-11세대,16,256,836020,1410,14,내장
삼성전자 갤럭시북 이온2 NT950XDZ-A38AW WIN10 16GB램,i3-11세대,16,256,2037730,1190,15.6,내장
LG전자 2021 울트라PC 15U50P-GR30K,i3-11세대,4,256,751010,1800,15.6,내장
LG전자 2021 울트라기어 17U70P-FA56K 32GB램,i5-11세대,32,256,2176550,1950,17,외장
DELL 보스트로 15 3500 0003KR WIN10 36GB램,i5-11세대,36,1000,1590320,1780,15.6,내장
에이서 Swift3 SF314-59 플라이 i5 MAX WIN10,i5-11세대,16,512,979020,1200,14,내장
HP 프로북 450 G8-2Z9A2PA WIN10 32GB램,i5-11세대,32,1000,1798440,1740,15.6,외장
ASUS X515EA-BQ043 WIN10,i3-11세대,4,256,645710,1800,15.6,내장
ASUS TUF Dash F15 FX516PM-HN080 WIN10,i7-11세대,8,512,1482460,2000,15.6,외장
HP 파빌리온 15-eg0116TX WIN10,i7-11세대,8,512,1141100,1720,15.6,외장
LG전자 2021 울트라기어 17UD70P-PX76K WIN10 24GB램,i7-11세대,24,256,2281670,1950,17,외장
삼성전자 갤럭시북 이온2 NT950XDA-K78AW 24GB램,i7-11세대,24,256,2576830,1190,15.6,내장
삼성전자 노트북 플러스2 NT550XDZ-GD5AG WIN10 32GB램,i5-11세대,32,1000,1580000,1840,15.6,외장
HP 파빌리온 x360 14-dw1049TU 32GB램,i5-11세대,32,1000,1232800,1610,14,내장
LG전자 2021 울트라PC 15U50P-GR56K 24GB램,i5-11세대,24,256,1255190,1800,15.6,내장
LG전자 2021 울트라기어 15U70P-FR56K 32GB램,i5-11세대,32,256,1919390,1850,15.6,외장
LG전자 2021 울트라기어 15U70P-FR56K 24GB램,i5-11세대,24,256,2820470,1850,15.6,외장
삼성전자 노트북 플러스2 NT560XDZ-G58A WIN10 24GB램,i5-11세대,24,256,1887410,1850,15.6,외장
LG전자 2021 울트라PC 17UD70P-GX56K WIN10 24GB램,i5-11세대,24,256,1830950,1850,17,내장
DELL 인스피론 15 5502 DN5502-UB05KR WIN10,i5-11세대,8,512,1177550,1720,15.6,외장
ASUS TUF Gaming F15 FX506HM-HN003 WIN10 32GB램,i9-11세대,32,1000,1986280,2300,15.6,외장
ASUS TUF Gaming F15 FX506HM-HN003 WIN10,i9-11세대,16,1000,1820680,2300,15.6,외장
주연테크 캐리북T J3GP Pro,펜티엄 실버,4,64,379000,1250,13.3,내장
GIGABYTE AERO 15 OLED YD i9 Limited WIN10,i9-11세대,32,1500,3768950,2200,15.6,외장
GIGABYTE AERO 17 HDR YD i9 Limited WIN10,i9-11세대,32,1500,4118950,2500,17.3,외장
주연테크 캐리북T J3GP Pro_S,펜티엄 실버,4,120,428000,1250,13.3,내장
HP 250 G8-363B1PC,i3-11세대,8,256,778860,1740,15.6,내장
LG전자 울트라PC 14U390-ME2TK,펜티엄 실버,4,64,527540,1450,14,내장
삼성전자 노트북 Flash NT530XBB-K24WS,펜티엄 실버,4,128,850000,1370,13,내장
LG전자 2019 울트라PC 14U390-EE2TK,펜티엄 실버,4,64,527540,1450,14,내장
LG전자 울트라PC 14U390-ME2TK 8GB램,펜티엄 실버,8,64,608000,1450,14,내장
HP 250 G7-6HT89PA,펜티엄 실버,4,128,579600,1780,15.6,내장
LG전자 2018 울트라PC 14U380-EU2TK,펜티엄 실버,4,120,518980,1400,14,내장
삼성전자 노트북 Flash NT530XBB-K24W,펜티엄 실버,4,128,780000,1370,13.3,내장
삼성전자 노트북 Flash NT530XBB-K24BS,펜티엄 실버,4,128,850000,1370,13,내장
MSI 써밋 E13 Flip EVO 블랙,i7-11세대,32,1000,2054350,1350,13.4,내장
레노버 씽크패드 L15 G2 20X3S00900,i7-11세대,16,512,1299000,1860,15.6,내장
MSI 써밋 E13 Flip EVO 화이트,i7-11세대,32,1000,2054350,1350,13.4,내장
HP 엘리트 드래곤플라이 G2 3E2Q2PA,i7-11세대,16,1000,2250590,1060,13.3,내장
삼성전자 노트북 플러스2 NT550XDA-K24AW,펜티엄 골드,4,128,629000,1810,15.6,내장
삼성전자 노트북 플러스2 NT550XDA-K24AG 8GB램,펜티엄 골드,8,128,699000,1810,15.6,내장
삼성전자 갤럭시북 프로360 NT950QDB-K71A,i7-11세대,16,512,2249000,1390,15.6,내장
삼성전자 노트북 Flash NT530XBB-K24CS,펜티엄 실버,4,128,850000,1370,13,내장
삼성전자 노트북3 NT340XAA-K01/C,펜티엄 골드,4,128,455450,1600,14,내장
삼성전자 노트북 플러스2 NT550XDA-K24AG,펜티엄 골드,4,128,635200,1810,15.6,내장
삼성전자 노트북 플러스2 NT550XDA-K24AW 8GB램,펜티엄 골드,8,128,699000,1810,15.6,내장
삼성전자 2017 노트북9 Always NT900X5Y-AD2S WIN10,펜티엄 골드,8,128,1395000,980,15,내장
레노버 씽크패드 X1 나노 20UNS02K00,i7-11세대,16,512,2499000,939,13.3,내장
HP 엘리트북 830 G8-3D3V8PA,i7-11세대,16,512,1529000,1240,13.3,내장
HP 엘리트 드래곤플라이 G2 3E2Q4PA,i7-11세대,16,1000,2398020,999,13.3,내장
HP Z북 Firefly 15 G8 1G3U1AV UHD,i7-11세대,16,512,1998970,1720,15.6,외장
HP 엘리트 드래곤플라이 G2 3E2P9PA,i7-11세대,16,512,1809050,999,13.3,내장
HP 250 G8-363U9PC,i7-11세대,8,256,939550,1740,15.6,내장
DELL 래티튜드 5520 i7 UHD 16GB램,i7-11세대,16,256,1649000,1590,15.6,내장
레노버 씽크패드 L14 G2 20X1S00A00,i7-11세대,16,512,1288950,1740,14,내장
레노버 씽크패드 X1 티타늄 Yoga 20QAS00500,i7-11세대,16,512,2799000,1150,13.5,내장
DELL 래티튜드 5520 i7 16GB램,i7-11세대,16,512,1569000,1590,15.6,내장
레노버 씽크패드 L13 Yoga G2 20VK0028KR,i7-11세대,8,256,1328000,1440,13.3,내장
DELL 래티튜드 5520 i7,i7-11세대,8,512,1489000,1590,15.6,내장
HP 프로북 440 G8 2Z9C5PA 32GB램,i7-11세대,32,1000,1820650,1380,14,외장
DELL 래티튜드 7520-716G5WF,i7-11세대,16,512,1788940,1530,15.6,내장
HP 250 G8-363U9PC 16GB램,i7-11세대,16,256,1083000,1740,15.6,내장
HP 프로북 450 G8-2Z9A6PA 32GB램,i7-11세대,32,512,1452630,1740,15.6,내장
레노버 씽크패드 X1 카본 20XW0072KR,i7-11세대,16,512,2349000,1130,14,내장
HP Z북 Firefly 15 G8 1G3U1AV FHD PLUS,i7-11세대,16,512,1898990,1720,15.6,외장
레노버 씽크패드 X1 카본 20XW0073KR,i7-11세대,16,512,2599000,1130,14,내장
HP 엘리트북 840 G8-3D3W4PA,i7-11세대,16,512,1500000,1350,14,내장
DELL 래티튜드 7520-716G5WU,i7-11세대,16,512,1978940,1530,15.6,내장
레노버 요가 Slim7 Carbon13ITL5 82EV0049KR,i7-11세대,16,1000,1609000,970,13,내장
HP 엘리트북 x360 830 G8-3D4L9PA,i7-11세대,16,512,1889000,1350,13.3,내장
HP 엘리트북 840 G8-3D3W2PA,i7-11세대,16,512,1399000,1350,14,내장
HP 엘리트 드래곤플라이 G2 3E2Q1PA,i7-11세대,16,1000,2098990,999,13.3,내장
레노버 씽크패드 X1 나노 20UNS00500,i7-11세대,16,512,2229000,907,13.3,내장
HP 프로북 450 G8-2Z9A6PA,i7-11세대,16,512,1299000,1740,15.6,내장
DELL 래티튜드 5320 i7,i7-11세대,16,512,1819940,1320,13.3,내장
레노버 씽크패드 L15 G2 20X3S00300,i7-11세대,8,256,1159000,1860,15.6,내장
레노버 씽크북 14s Yoga 20WE001YKR,i7-11세대,8,512,1351307,1500,14,내장
DELL 래티튜드 5520 i7 UHD,i7-11세대,8,256,1579000,1590,15.6,내장
레노버 씽크패드 E15 ITL 20TDS01000,i7-11세대,16,512,1264375,1700,15.6,외장
레노버 씽크패드 E14 ITL 20TAS01200,i7-11세대,16,512,1293352,1590,14,외장
DELL 프리시전 3560-732G1TWU,i7-11세대,32,1000,2697880,1590,15.6,외장
레노버 씽크패드 L13 G2 20VH002QKR,i7-11세대,16,256,1348750,1390,13.3,내장
레노버 씽크패드 X1 Yoga 20XYS00800,i7-11세대,16,256,2228950,1390,14,내장
레노버 씽크패드 P15s GEN2 20W6004AKR,i7-11세대,16,512,1930852,1760,15.6,외장
